所在城市,所在区县,所在街道或地区,小区名称,面积,租赁方式,朝向,月租,计费方式,室,厅,卫,入住,租期,看房,所在楼层,总楼层,电梯,车位,用水,用电,燃气,采暖
4,1,1,1,48,1,2,700,3,2,1,1,1,12,2,3,7,2,1,1,1,1,1
4,2,2,2,54,1,1,800,5,1,1,1,1,3,2,1,18,1,1,3,3,1,1
4,2,3,3,110,1,2,1000,5,3,2,2,1,3,2,3,7,2,1,3,3,3,3
4,2,4,4,96,1,2,800,5,2,2,1,1,3,2,2,26,1,1,1,1,1,1
4,2,5,5,68,1,2,900,4,2,1,1,1,3,2,3,6,2,1,1,1,1,1
4,2,6,6,42,1,2,500,5,1,1,1,1,3,2,3,7,2,1,1,1,1,1
4,1,1,7,53,1,2,750,5,2,1,1,1,12,2,2,7,2,1,1,1,1,1
4,2,6,8,50,1,2,600,5,1,1,1,1,3,2,2,4,2,1,1,3,2,2
4,2,3,9,41,1,2,450,3,1,0,1,1,12,2,3,4,2,3,3,3,1,3
4,2,6,10,70,1,2,850,5,2,1,1,1,3,2,3,7,2,1,3,3,1,1
4,2,2,11,60,1,1,900,5,2,1,1,1,3,2,2,7,2,1,3,3,1,1
4,2,5,12,77,1,1,800,5,2,2,1,1,3,2,3,7,2,1,3,3,1,1
4,2,6,13,60,1,2,500,5,2,1,1,1,3,2,2,7,2,1,3,3,3,3
4,2,5,14,61,1,2,700,5,2,1,1,1,3,2,2,6,2,1,3,3,1,1
4,1,7,15,66,1,2,650,5,2,1,1,1,12,2,3,7,2,1,1,1,1,1
4,2,6,16,83,1,2,850,3,2,2,1,1,12,2,3,7,2,1,1,1,1,1
4,1,1,17,66,1,2,600,5,2,1,1,1,3,2,3,7,2,1,1,1,1,1
4,1,8,18,68,1,2,800,5,2,1,1,1,3,2,1,7,2,1,1,1,1,1
4,2,3,19,102,1,2,1000,3,2,1,1,1,36,2,3,6,2,3,1,1,1,1
4,1,1,20,56,1,2,600,5,1,1,1,1,3,2,3,5,2,1,3,3,1,1
4,1,9,21,63,1,2,600,5,2,1,1,1,3,2,3,7,2,1,3,3,3,3
4,2,3,22,88,1,2,1000,5,3,2,1,1,12,2,3,7,2,1,1,1,1,1
4,2,5,5,65,1,2,750,5,2,1,1,1,3,2,2,6,2,1,3,3,1,1
4,2,2,2,60,1,1,950,5,1,1,1,1,3,2,2,26,1,1,3,3,1,1
4,1,8,23,45,1,2,600,3,1,1,1,1,24,2,2,4,2,1,3,3,3,3
4,2,4,24,18,1,2,800,5,1,1,1,1,3,2,2,18,1,1,1,1,1,1
4,1,1,25,40,1,1,600,5,1,1,1,1,3,2,2,7,2,1,1,1,1,1
4,2,4,24,40,1,2,800,5,1,1,1,1,3,2,1,18,1,1,1,1,1,1
4,2,4,24,40,1,2,950,5,1,1,1,1,3,2,3,18,1,1,1,1,1,1
4,2,4,24,40,1,4,900,5,1,1,1,1,3,2,2,18,1,1,1,1,1,1
4,1,8,26,50,1,2,650,5,2,1,1,2,3,5,2,5,2,1,3,3,1,1
4,2,4,27,37,1,1,1000,5,1,1,1,1,3,2,2,13,2,1,1,1,1,1
4,2,6,28,72,1,2,950,5,2,1,1,20200801,3,2,3,5,2,1,3,3,1,1
4,2,2,29,116,1,1,1000,5,2,2,2,1,3,2,1,24,1,1,1,1,1,1
4,1,1,30,43,1,2,500,5,2,1,1,1,3,2,3,6,2,1,1,1,1,1
4,2,6,31,51,1,2,500,3,2,1,1,1,12,2,2,5,2,1,1,1,1,1
4,1,7,32,65,1,2,800,5,2,1,1,1,12,2,3,7,2,1,1,1,1,1
4,2,5,33,69,1,2,900,5,2,1,1,1,3,2,2,6,2,1,3,3,3,3
4,2,6,34,85,1,2,750,5,3,1,1,1,3,2,3,7,2,1,3,3,1,1
4,1,1,35,65,1,2,850,5,2,1,1,1,3,2,3,7,2,1,1,1,1,1
4,2,3,36,79,1,1,800,5,3,1,1,1,3,2,3,7,2,1,1,1,1,1
4,1,1,37,80,1,2,700,5,2,1,1,1,3,2,3,7,2,1,1,1,1,1
4,1,7,38,65,1,2,650,5,2,1,1,1,3,2,1,6,2,1,1,1,1,1
4,1,1,39,80,1,2,800,3,2,2,1,1,24,2,2,6,2,1,1,1,1,1
4,2,6,40,54,1,2,800,5,2,1,1,1,3,2,2,7,2,1,1,1,1,1
4,2,3,41,93,1,2,900,5,2,2,1,1,3,2,3,7,2,1,1,1,1,1
4,2,10,42,80,1,2,850,3,2,2,1,1,12,2,3,5,2,1,3,3,1,1
4,2,6,6,63,1,2,600,5,3,1,1,1,3,2,3,7,2,1,1,1,1,1
4,1,9,43,54,1,2,500,5,2,1,1,1,3,2,3,8,2,1,1,1,1,1
4,2,4,44,60,1,4,900,5,2,1,1,1,3,2,2,7,2,1,3,3,1,1
4,2,3,45,65,1,1,750,5,2,1,1,1,3,2,3,7,2,1,1,1,1,1
4,2,3,46,87,1,2,750,5,2,2,1,1,12,2,3,7,2,2,1,1,1,1
4,2,4,24,72,1,4,1000,5,2,1,1,1,3,2,3,18,1,1,1,1,1,1
4,2,3,47,92,1,2,1000,3,2,1,1,1,12,2,3,18,1,3,1,1,1,1
4,2,4,48,96,1,2,900,5,2,2,1,1,3,2,1,24,2,1,3,3,1,1
4,2,3,49,98,1,2,800,5,2,2,1,1,12,2,1,33,1,1,1,1,1,1
4,2,2,50,71,1,2,800,5,2,1,1,1,3,2,3,7,2,1,1,1,1,1
4,2,4,48,120,1,2,900,5,3,2,2,1,24,2,1,18,2,2,3,3,1,1
4,2,3,51,62,1,2,750,5,2,1,1,1,3,2,3,7,2,1,3,3,1,1
4,1,8,18,77,1,2,750,4,2,2,1,1,24,2,3,7,2,1,1,1,1,1
4,2,3,47,92,1,2,1000,3,2,1,1,1,12,2,3,18,1,3,1,1,1,1
4,2,3,52,76,1,1,850,5,2,1,1,1,12,2,3,7,2,1,1,1,1,1
4,1,11,53,70,1,2,800,5,2,1,1,1,3,3,3,7,2,1,1,1,1,1
4,1,8,54,95,1,2,800,5,2,2,1,1,3,2,2,27,1,1,1,1,1,1
4,1,12,55,90,1,2,700,3,2,2,1,1,36,2,1,33,1,1,3,3,1,1
4,2,6,56,104,1,2,1000,5,2,1,2,1,3,2,3,7,2,1,1,1,1,1
4,1,7,57,76,1,2,600,5,2,2,1,1,3,3,3,6,2,1,1,1,1,1
4,2,3,22,62,1,2,1000,5,2,1,1,1,3,2,1,6,2,1,1,1,1,1
4,1,1,7,48,1,2,750,5,2,1,1,1,3,2,2,7,2,1,1,1,1,1
4,1,1,7,48,1,2,800,3,2,1,1,1,12,2,3,6,2,1,1,1,1,1
4,1,1,7,52,1,2,700,5,2,1,1,1,3,2,3,7,2,1,1,1,1,1
4,2,4,24,48,1,4,900,5,1,1,1,1,3,2,2,18,1,1,1,1,1,1
4,2,4,24,40,1,2,1000,5,2,1,1,1,3,2,3,18,1,1,1,1,1,1
4,2,4,27,37,1,1,1000,5,1,1,1,1,3,2,2,13,2,1,1,1,1,1
4,1,7,58,12,1,4,320,5,1,0,1,1,3,2,2,24,1,1,1,1,1,1
4,1,1,1,30,1,2,400,5,2,0,1,1,3,2,2,4,2,1,3,3,1,1
4,1,13,59,122,1,2,600,5,3,2,2,1,3,2,2,6,2,1,1,1,1,1
4,1,9,60,60,1,1,600,5,2,1,1,1,3,2,3,7,2,1,3,1,1,1
4,1,1,61,72,1,2,600,5,2,1,1,1,3,2,2,7,2,1,1,1,1,1
4,1,7,32,60,1,2,600,5,2,1,1,1,3,2,3,7,2,1,1,1,1,1
4,2,13,62,55,1,1,800,5,2,1,1,1,3,2,2,6,2,1,1,1,1,1
4,1,1,1,48,1,2,650,5,2,1,1,1,3,2,3,5,2,1,1,3,1,1
4,1,1,63,40,1,2,600,5,2,1,1,1,3,2,3,5,2,1,3,3,1,1
4,2,6,64,50,1,2,650,5,2,1,1,1,3,2,2,4,2,1,3,3,1,1
4,2,3,36,80,1,2,850,5,2,1,1,1,3,2,3,7,2,1,1,1,1,1
4,2,3,65,75,1,2,750,5,2,1,1,1,3,2,3,6,2,1,3,3,1,1
4,2,3,66,100,1,2,900,5,3,1,1,1,3,2,3,7,2,1,3,3,3,3
4,1,1,39,79,1,2,700,5,2,2,1,1,3,2,1,6,2,1,1,1,1,1
4,2,2,50,73,1,2,750,5,2,1,1,1,3,2,3,7,2,1,1,1,1,1
4,2,3,67,87,1,1,900,5,2,1,1,1,3,2,3,7,2,1,1,1,1,1
4,2,3,67,87,1,1,900,5,2,1,1,1,3,2,3,7,2,1,1,1,1,1
4,1,1,68,88,1,1,700,5,2,1,1,1,24,2,2,32,1,1,1,1,1,1
4,1,9,69,83,1,2,700,5,2,1,1,1,3,2,3,7,2,1,1,1,1,1
4,2,3,65,75,1,2,750,5,2,1,1,1,3,2,3,6,2,1,3,3,1,1
4,1,7,70,72,1,2,600,5,2,2,1,1,12,2,3,6,2,3,1,1,1,1
4,1,1,71,59,1,2,600,5,2,1,0,1,3,2,2,6,2,1,3,3,3,3
4,2,4,72,79,1,2,700,5,2,1,1,1,12,2,3,18,1,1,1,1,1,1
4,1,1,73,63,1,2,750,5,2,1,1,1,36,2,2,6,2,1,3,3,1,1
4,1,7,38,78,1,2,700,5,2,2,1,1,3,2,2,6,2,1,1,1,1,1
4,2,3,74,66,1,2,700,3,2,1,1,1,12,2,2,7,2,1,1,1,1,1
4,2,4,75,138,1,1,800,2,3,2,2,1,3,2,2,25,1,1,1,1,1,1
4,1,9,76,80,1,2,700,3,2,1,1,1,12,2,3,7,2,1,1,1,1,1
4,1,8,77,56,1,1,500,4,2,1,1,1,12,2,1,7,2,3,3,3,1,1
4,2,5,78,83,1,2,850,5,2,1,1,1,3,2,1,16,1,1,1,1,1,1
4,1,1,30,67,1,2,700,5,2,1,1,1,3,2,3,6,2,1,3,3,1,1
4,1,8,79,60,1,2,500,2,2,1,0,1,12,2,3,4,2,1,3,3,3,3
4,2,3,80,59,1,2,780,5,2,1,1,1,3,2,2,7,2,1,3,3,1,1
4,2,6,81,68,1,2,650,4,2,1,1,1,12,2,3,7,2,1,1,1,1,1
4,2,2,82,61,1,2,900,5,2,1,1,1,12,2,3,6,2,1,1,1,1,1
4,1,6,83,70,1,2,700,5,2,1,1,1,3,2,3,6,2,1,1,1,1,1
4,2,3,84,56,1,2,700,5,2,1,1,1,3,2,2,6,2,1,1,1,1,1
4,1,1,73,68,1,2,600,5,3,1,1,1,3,2,3,7,2,1,3,3,1,1
4,2,6,85,56,1,2,550,5,2,1,1,1,3,2,3,7,2,1,1,1,1,1
4,2,3,86,115,1,1,1000,5,2,2,1,1,3,2,3,7,2,1,1,1,1,1
4,1,8,87,68,1,2,650,5,2,1,1,1,3,2,2,6,2,1,3,3,1,1
4,2,3,88,90,1,2,950,5,2,2,1,1,3,2,3,7,2,1,1,1,1,1
4,1,7,89,74,1,2,600,5,2,2,1,1,3,2,2,6,2,1,1,1,1,1
4,1,8,90,94,1,2,800,3,3,2,1,1,12,2,3,7,2,2,1,1,2,1
4,1,6,91,60,1,2,650,5,2,2,1,1,3,2,2,7,2,1,3,3,1,1
4,2,10,92,60,1,2,700,5,2,2,1,1,3,2,1,6,2,1,3,3,1,1
4,1,6,91,60,1,2,650,5,2,2,1,1,3,2,2,7,2,1,3,3,1,1
4,2,2,93,83,1,2,1000,5,2,1,1,1,3,2,1,7,2,1,1,1,1,1
4,1,8,18,73,1,2,1100,5,2,1,1,1,3,2,2,7,2,1,1,1,1,1
4,2,6,94,45,1,2,600,5,2,1,1,1,3,2,3,6,2,1,3,3,1,3
4,1,1,95,45,1,2,680,5,1,1,1,1,3,2,1,6,2,1,3,3,1,1
4,1,1,96,43,1,2,550,5,1,1,1,1,3,3,3,4,2,1,3,3,1,1
4,2,3,66,46,1,1,500,4,2,1,1,1,3,2,2,5,2,1,1,1,1,1
4,1,1,1,52,1,2,800,3,2,1,1,1,12,2,3,7,2,1,1,1,1,1
4,1,1,7,52,1,1,700,2,2,1,1,1,12,2,3,7,2,1,3,3,1,1
4,1,1,7,52,1,1,800,2,2,1,1,1,12,2,3,7,2,1,1,1,1,1
4,1,1,63,46,1,2,700,5,1,1,1,1,3,2,2,5,2,1,1,1,1,1
4,1,1,97,47,1,2,500,5,2,1,1,1,3,2,2,5,2,1,3,3,1,1
4,1,1,7,52,1,2,750,5,2,1,1,1,12,2,2,7,2,1,1,1,1,1
4,1,1,98,53,1,2,710,5,2,1,1,1,12,2,1,6,2,2,1,1,1,1
4,2,3,99,47,1,3,1000,5,1,1,1,1,3,2,1,26,1,1,1,1,1,1
4,1,8,100,85,1,3,800,5,2,2,1,1,3,2,3,33,2,1,1,1,1,1
4,2,5,101,60,1,2,850,5,2,1,1,1,3,2,1,6,2,1,3,3,1,1
4,1,8,102,69,1,2,600,5,2,1,1,1,3,2,3,6,2,1,3,3,1,1
4,2,3,103,90,1,2,1000,4,2,2,2,1,12,2,2,7,2,2,1,1,1,1
4,2,3,104,67,1,2,750,5,2,1,1,1,3,2,3,7,2,1,1,1,1,1
4,2,2,50,71,1,2,900,5,2,1,1,1,3,2,3,7,2,1,1,1,1,1
4,1,7,32,58,1,2,700,5,2,1,1,1,3,2,3,6,2,1,1,1,1,1
4,2,5,12,78,1,2,850,3,2,1,1,1,24,3,2,7,2,1,1,1,1,1
4,2,6,105,59,1,2,800,5,2,1,1,1,3,2,3,7,2,1,1,1,1,1
4,2,5,106,76,1,2,900,5,2,1,1,1,3,2,3,6,2,1,1,1,1,1
4,2,3,107,55,1,2,600,5,2,1,1,1,3,2,2,5,2,1,3,3,1,1
4,1,1,108,50,1,2,550,5,2,0,1,1,3,2,3,5,2,1,1,1,1,1
4,2,3,99,43,1,4,1000,5,1,0,1,1,3,2,1,26,1,1,1,1,1,1
4,2,6,109,100,1,2,800,5,3,1,1,1,3,2,3,7,2,1,1,1,1,1
4,2,3,107,62,1,2,600,3,2,1,1,1,12,2,3,7,2,1,1,1,1,1
4,2,3,110,60,1,1,800,3,2,1,1,1,12,2,2,7,2,1,1,1,1,1
4,2,2,111,1000,1,2,1000,5,3,2,1,1,3,2,3,6,2,1,3,3,3,3
4,2,6,112,89,1,2,1000,5,2,2,1,1,3,2,2,6,2,1,3,3,3,3
4,2,6,113,46,1,1,1000,5,1,1,1,1,3,2,2,22,1,1,1,1,1,1
4,1,8,114,45,1,2,530,4,2,1,1,1,12,2,2,5,2,1,3,3,1,1
4,2,6,115,50,1,2,700,5,2,0,1,1,3,2,2,7,2,1,3,3,1,3
4,2,6,116,54,1,4,750,5,2,1,1,1,3,2,3,5,2,1,3,3,3,3
4,1,8,117,50,1,2,750,5,2,1,1,1,3,2,2,7,2,1,3,3,3,3
4,1,9,118,70,1,2,800,5,2,1,1,1,3,2,3,6,2,1,1,1,1,1
4,1,8,114,49,1,2,460,5,2,1,1,1,3,2,3,5,2,1,3,3,1,1
4,1,1,1,53,1,2,650,5,2,1,1,1,3,2,3,6,2,1,1,1,1,1
4,2,3,119,80,1,1,1000,5,2,2,1,1,3,2,3,6,1,1,3,3,1,1
4,1,8,120,70,1,2,1100,5,2,1,1,1,3,2,3,5,2,1,1,1,1,1
4,1,1,7,48,1,2,600,5,2,1,1,1,3,2,3,7,2,1,1,1,1,1
4,2,3,121,80,1,2,800,5,2,2,2,1,3,2,3,7,2,1,3,3,1,1
4,2,3,107,66,1,2,850,5,2,1,1,1,3,2,3,7,2,1,1,1,1,1
4,1,11,122,83,1,2,1100,5,2,2,1,1,12,2,2,7,2,1,3,3,1,1
4,1,11,123,100,1,2,1100,5,2,2,1,1,3,2,2,7,2,1,3,3,1,1
4,1,8,124,60,1,2,850,5,2,1,1,1,3,2,3,5,2,1,3,3,3,3
4,1,11,122,97,1,2,1000,5,3,1,1,1,3,2,3,7,2,1,1,1,1,1
4,1,1,125,90,1,2,1100,3,2,1,1,1,12,2,1,32,2,3,3,3,3,3
4,1,1,126,78,1,2,1000,5,2,1,1,1,3,3,3,7,2,1,3,3,3,3
4,1,1,127,73,1,2,1000,5,3,2,1,1,3,2,1,7,2,1,3,3,1,1
4,1,1,128,50,1,2,600,5,2,0,1,1,3,2,2,7,2,1,1,1,1,1
4,1,1,95,48,1,3,500,5,2,1,1,1,3,2,2,5,2,1,3,3,1,1
4,2,5,129,50,1,2,780,5,2,1,1,1,3,2,2,5,2,1,3,3,1,1
4,1,1,130,40,1,1,670,5,2,1,1,1,3,2,3,5,2,1,3,3,1,1
4,1,9,43,48,1,2,600,3,2,1,1,1,24,2,3,2,2,1,3,3,3,3
4,2,5,131,53,1,2,600,4,2,1,1,1,12,2,3,6,2,2,1,1,1,1
4,2,6,6,49,1,2,650,5,2,1,1,1,3,2,1,6,2,1,3,3,1,1
4,2,6,132,54,1,2,930,3,2,1,1,1,36,2,2,7,2,3,1,1,1,1
4,1,1,35,63,1,2,750,5,2,1,1,1,3,2,3,7,2,1,1,1,1,1
4,1,1,133,60,1,2,700,5,2,1,1,1,12,2,2,5,2,1,3,3,1,1
4,2,3,134,93,1,1,1000,5,2,2,1,1,3,2,3,7,2,1,1,1,1,1
4,2,3,121,82,1,4,1000,5,2,2,1,1,3,2,2,7,2,1,1,1,1,3
4,2,6,135,80,1,2,1000,5,2,1,1,1,3,2,2,8,2,1,3,3,1,1
4,2,6,136,66,1,2,600,2,2,2,1,1,3,2,3,7,2,2,1,1,1,1
4,2,6,137,102,1,1,950,5,3,2,1,1,3,2,3,7,2,1,1,1,1,1
4,2,3,107,72,1,2,800,5,3,1,1,1,3,2,3,7,2,1,1,1,1,1
4,2,6,138,60,1,1,700,5,2,1,1,1,3,2,3,5,2,1,3,3,3,3
4,1,1,63,60,1,1,700,5,2,2,1,1,3,2,3,6,2,1,1,1,1,1
4,2,3,139,71,1,2,850,5,2,1,1,1,3,2,3,7,2,1,1,1,1,1
4,1,9,140,60,1,2,750,5,2,1,1,1,3,2,3,7,2,1,3,3,1,1
4,2,6,13,64,1,2,750,5,2,1,1,1,3,2,3,7,2,1,3,3,3,3
4,1,1,141,57,1,4,750,5,2,1,1,1,3,2,3,17,1,1,3,3,1,1
4,2,5,33,60,1,2,800,3,2,1,1,1,12,2,3,6,2,1,3,3,3,3
4,2,3,142,71,1,2,800,5,2,1,1,1,3,2,1,7,2,1,1,1,1,1
4,2,3,143,103,1,2,1000,5,2,2,1,1,3,2,2,7,2,1,1,1,1,1
4,1,6,144,78,1,3,800,3,2,2,2,1,12,2,2,7,2,1,1,1,1,1
4,1,1,37,87,1,2,800,5,2,1,1,1,3,2,3,7,2,1,1,1,1,1
4,2,5,131,70,1,2,950,5,2,1,1,1,3,2,2,7,2,1,1,1,1,1
4,2,3,107,100,1,2,900,5,2,1,1,1,3,3,1,7,2,1,3,3,1,1
4,2,3,145,83,1,2,1000,5,2,2,1,1,3,2,3,7,2,1,1,1,1,1
4,2,3,86,114,1,2,950,5,3,2,1,1,3,2,3,7,2,1,1,1,1,1
4,1,6,146,60,1,2,800,5,2,1,1,1,24,2,3,5,2,3,1,1,1,1
4,1,1,141,65,1,2,800,5,2,1,1,1,3,2,3,7,2,1,3,3,1,1
4,2,3,147,86,1,2,900,3,3,1,1,1,12,2,3,6,2,3,3,3,1,1
4,1,1,148,91,1,2,750,5,2,1,1,1,3,2,3,7,2,1,1,1,1,2
4,2,6,149,65,1,2,780,5,2,2,1,1,3,2,3,5,2,1,3,3,3,3
4,1,7,150,65,1,2,800,5,2,1,1,1,3,2,3,7,2,1,1,1,1,1
4,2,4,151,80,1,1,1000,5,2,2,1,1,12,2,3,31,1,1,1,1,1,1
4,2,6,152,55,1,2,800,5,2,1,1,1,3,2,2,7,2,1,3,3,3,3
4,2,6,153,85,1,2,900,3,3,1,1,1,12,2,2,7,2,1,1,1,1,1
4,2,6,154,84,1,2,1000,5,2,2,1,1,3,2,3,6,2,1,1,1,1,1
4,1,12,155,107,1,2,800,3,2,2,1,1,12,2,1,32,1,1,1,1,1,1
4,2,5,156,79,1,2,900,5,2,1,1,1,3,2,3,6,2,1,3,3,1,1
4,2,13,157,132,1,1,600,3,3,2,2,1,12,2,3,23,1,1,1,1,1,1
4,1,1,158,45,1,2,600,5,2,1,1,1,3,2,3,2,2,1,3,3,3,3
4,1,1,71,52,1,2,650,5,2,1,1,1,3,2,3,6,2,1,3,3,3,3
4,1,1,95,42,1,2,650,5,2,1,1,1,12,2,3,3,2,1,3,3,3,3
4,2,4,24,40,1,2,1000,5,1,1,1,1,3,2,1,18,1,1,1,1,1,1
4,2,5,159,50,1,2,900,3,2,1,1,1,12,2,3,6,2,1,1,1,1,1
4,1,8,160,84,1,2,1000,5,2,2,1,1,3,2,3,5,2,1,3,3,3,3
4,1,11,161,127,1,1,700,4,3,2,2,1,12,2,2,32,1,3,1,1,1,1
4,1,1,7,52,1,2,600,5,2,2,1,1,3,2,3,7,2,1,1,1,1,1
4,1,1,158,62,1,1,780,2,2,1,1,1,24,2,2,6,2,2,3,3,1,1
4,1,1,158,50,1,2,700,2,2,1,1,1,24,2,2,5,2,2,3,3,1,1
4,1,9,21,90,1,2,800,5,2,2,1,1,3,2,2,7,2,1,3,3,3,3
4,1,1,127,60,1,2,750,5,2,1,1,1,3,2,3,7,2,1,3,3,1,1
4,2,3,80,60,1,2,1000,5,2,1,1,1,12,2,2,7,2,1,3,3,1,1
4,1,1,7,52,1,2,750,2,2,2,1,1,12,2,2,7,2,1,1,1,1,1
4,2,6,112,89,1,2,1000,5,2,1,1,1,12,2,2,6,2,3,3,3,3,3
4,1,1,97,55,1,1,550,3,2,1,1,1,12,2,2,5,2,1,3,3,1,1
4,2,3,162,80,1,1,700,3,3,1,1,1,3,2,2,4,2,1,3,3,1,1
4,1,1,7,49,1,2,650,5,2,1,1,1,3,2,3,7,2,1,1,1,1,1
4,1,7,163,60,1,3,600,5,2,1,1,1,3,2,3,7,2,1,3,3,1,1
4,1,1,158,75,1,2,800,5,2,2,1,1,3,2,2,6,2,1,3,3,1,1
4,2,3,139,87,1,2,850,2,2,2,1,1,12,2,3,6,2,1,1,1,1,1
4,2,3,139,90,1,3,950,4,2,2,1,1,12,2,3,6,2,1,1,1,1,1
4,1,1,20,70,1,2,700,5,2,1,1,1,3,2,2,5,2,1,3,3,1,1
4,1,1,1,60,1,2,600,5,2,1,1,1,3,2,3,6,2,1,1,1,1,1
4,1,7,163,60,1,3,600,5,2,1,1,1,3,2,3,7,2,1,3,3,1,1
4,1,1,164,70,1,2,700,5,2,1,1,1,3,2,3,6,2,1,3,3,3,3
4,1,1,20,70,1,2,700,5,2,1,1,1,3,2,2,5,2,1,3,3,1,1
4,2,5,101,60,1,2,800,4,2,1,1,1,3,2,3,7,2,3,3,3,1,1
4,2,4,24,96,1,2,1000,5,2,2,2,1,3,2,3,18,1,1,1,1,1,1
4,2,3,165,57,1,1,1300,5,1,1,1,1,3,2,3,10,1,1,1,1,1,1
4,2,4,166,45,1,4,1100,3,1,1,1,1,12,2,1,26,1,3,1,1,2,1
4,2,4,166,47,1,2,1250,5,1,1,1,1,3,2,2,26,1,1,1,1,2,1
4,2,3,107,92,1,2,1000,5,3,1,1,1,3,2,3,7,2,1,1,1,1,1
4,1,12,167,52,1,2,950,5,1,0,1,1,3,2,3,27,1,1,1,1,2,1
4,1,1,1,90,1,2,1000,5,2,2,1,1,3,2,3,7,2,1,1,1,1,1
4,2,5,168,105,1,1,1200,5,2,2,1,1,3,2,2,7,2,1,1,1,1,1
4,2,6,169,132,1,2,1300,3,4,2,1,1,12,2,1,7,2,1,3,3,1,1
4,1,12,167,61,1,4,1000,4,1,1,1,1,12,2,2,27,1,3,1,1,1,1
4,2,10,170,88,1,3,1100,5,2,2,1,1,3,2,3,6,1,1,3,3,1,1
4,2,4,171,65,1,2,1300,5,2,2,1,1,3,2,3,6,2,1,1,1,1,1
4,2,4,24,107,1,1,1300,5,3,2,1,1,3,2,1,11,1,1,1,1,1,1
4,2,6,153,103,1,2,1200,3,3,2,1,1,24,2,3,7,2,1,3,3,1,1
4,2,10,172,116,1,2,1300,5,3,1,1,1,3,2,3,6,2,1,1,3,1,1
4,2,5,12,77,1,3,1300,3,2,1,1,1,12,2,1,7,1,1,1,1,1,1
4,1,7,173,99,1,2,1100,5,2,2,1,1,3,2,3,7,2,1,1,1,1,1
4,1,9,174,67,1,2,850,5,2,1,1,1,3,2,3,6,2,1,3,3,3,3
4,1,14,175,60,1,2,1100,5,2,1,1,1,3,2,3,6,2,1,3,3,1,1
4,2,10,172,97,1,2,1200,5,2,1,1,1,3,2,3,7,2,1,1,1,1,1
4,1,1,141,67,1,1,900,3,2,1,1,1,12,2,3,6,2,3,3,3,1,1
4,1,8,176,93,1,2,1250,5,2,1,1,1,24,2,2,6,2,1,1,1,1,1
4,1,9,177,90,1,2,1000,5,2,2,1,1,3,2,1,18,2,1,3,3,1,3
4,1,1,20,60,1,2,850,5,2,1,1,1,3,2,3,6,2,1,3,3,1,1
4,2,6,10,87,1,1,950,5,2,2,1,1,3,2,1,7,2,1,1,1,1,1
4,2,6,178,62,1,2,750,5,2,1,1,1,3,2,2,6,2,1,1,1,1,1
4,2,6,179,80,1,1,950,5,2,2,1,1,3,2,3,7,2,1,3,3,1,1
4,1,6,144,78,1,2,800,3,2,2,1,1,12,2,2,7,2,1,1,1,1,1
4,1,6,180,63,1,2,650,2,2,1,1,1,12,2,3,8,2,3,1,1,1,1
4,2,6,136,117,1,2,1000,5,2,2,1,1,3,2,3,7,2,1,1,3,1,1
4,2,6,132,72,1,2,750,5,2,2,1,1,3,2,3,7,2,1,1,1,1,1
4,2,3,181,94,1,2,900,5,3,1,1,1,3,2,3,7,2,1,3,3,3,3
4,2,6,182,82,1,2,1000,5,2,2,1,1,3,2,3,7,2,1,3,3,1,1
4,2,6,183,97,1,2,1000,3,3,2,1,1,12,2,3,6,2,3,1,1,1,1
4,1,7,32,60,1,2,650,3,2,2,1,1,12,2,2,6,2,1,1,1,1,1
4,1,11,184,107,1,2,1084,5,2,2,1,1,3,2,2,33,1,1,1,1,1,1
4,2,2,185,87,1,2,1300,5,2,2,1,1,3,2,2,20,1,1,1,1,1,1
4,1,11,186,73,1,2,1000,5,2,2,1,1,3,2,3,7,2,1,1,1,1,1
4,2,4,24,74,1,4,1100,5,2,1,1,1,3,2,3,18,1,1,3,3,1,1
4,2,13,187,84,1,2,1300,4,2,2,1,1,12,2,3,33,1,1,1,1,1,1
4,2,4,24,88,1,4,1200,5,2,1,2,1,3,2,3,18,1,1,1,1,1,1
4,2,5,188,75,1,2,1300,5,2,1,1,1,12,2,3,2,2,1,3,3,3,3
4,1,9,189,95,1,2,900,3,2,2,1,1,12,2,3,6,2,1,1,1,1,1
4,1,1,190,101,1,2,1000,5,2,2,1,1,3,2,1,7,2,1,1,1,1,1
4,2,6,109,99,1,2,1200,5,2,2,1,1,3,2,3,7,2,1,3,3,1,1
4,1,8,191,98,1,2,1000,5,2,2,1,1,3,2,2,33,1,1,3,3,1,1
4,2,3,192,90,1,2,1200,5,2,2,1,1,3,2,2,22,1,1,1,1,1,1
4,2,5,193,92,1,2,1100,5,2,2,1,1,3,2,2,33,1,1,3,3,1,1
4,2,3,194,81,1,1,1200,5,2,1,1,1,3,2,3,7,2,1,1,1,1,1
4,2,2,195,110,1,2,1300,5,3,2,1,1,3,2,3,7,2,1,1,1,1,1
4,1,8,196,63,1,2,900,5,2,1,1,1,3,2,3,6,2,1,3,3,1,1
4,2,4,24,86,1,2,1300,5,2,2,2,1,3,3,1,18,1,1,1,1,1,1
4,1,8,197,98,1,2,1100,5,2,2,1,1,3,2,1,7,2,1,1,1,1,1
4,2,4,24,92,1,2,1200,5,2,2,1,1,3,2,1,18,1,1,1,1,1,1
4,2,6,6,50,1,2,850,5,2,1,1,1,3,2,3,9,2,1,3,3,1,1
4,2,6,198,94,1,2,1200,5,2,2,1,1,3,2,3,7,2,1,1,1,1,1
4,2,4,24,74,1,2,1300,5,2,2,1,1,3,2,3,18,1,1,1,1,1,1
4,2,4,199,87,1,2,1200,5,2,2,1,1,3,2,3,6,1,1,1,1,1,1
4,1,8,200,110,1,2,1000,5,2,2,1,1,3,2,2,18,1,1,1,1,1,1
4,2,4,24,93,1,2,1200,5,2,2,1,1,24,2,2,16,1,3,1,1,1,1
4,2,4,201,98,1,2,1100,3,2,1,1,1,3,2,2,6,2,3,3,3,1,1
4,2,4,24,74,1,2,1300,5,2,1,2,1,3,2,2,18,1,1,1,1,1,1
4,2,5,202,98,1,2,1100,5,2,2,1,1,3,2,3,6,2,1,1,1,1,1
4,2,3,203,67,1,2,1250,5,1,1,1,1,3,2,3,7,2,1,1,1,1,1
4,1,1,141,68,1,2,900,5,2,2,1,1,3,2,3,6,2,1,3,3,1,1
4,1,1,73,50,1,2,750,5,2,0,1,1,3,2,2,6,2,1,3,3,1,1
4,1,9,204,74,1,1,1000,4,2,1,1,1,12,2,3,7,2,1,1,1,1,1
4,2,10,205,105,1,2,1250,5,2,2,1,1,3,2,2,6,2,1,3,3,1,1
4,1,9,206,93,1,2,900,3,2,2,1,1,12,2,1,6,2,2,1,1,1,1
4,2,6,6,50,1,1,1000,3,2,1,1,1,12,2,1,7,2,3,3,3,1,1
4,2,4,24,48,1,4,1200,5,1,1,1,1,3,2,3,18,1,1,1,1,1,1
4,2,4,166,46,1,2,1300,5,1,1,1,1,3,2,3,26,1,1,1,1,2,1
4,2,4,207,45,1,4,1280,5,1,1,1,1,3,2,3,7,1,1,1,1,1,1
4,1,12,167,51,1,2,1000,3,1,1,1,1,12,2,3,27,1,3,1,1,2,1
4,2,4,166,47,1,2,1300,5,1,1,1,1,3,2,3,26,1,1,1,1,2,1
4,1,1,7,52,1,2,850,5,2,1,1,1,3,2,2,7,2,1,1,1,1,1
4,2,12,208,87,1,2,1300,5,2,2,1,1,12,2,2,25,1,1,1,1,1,1
4,1,1,209,72,1,2,850,5,2,1,1,1,3,2,3,7,2,1,1,1,1,1
4,2,4,171,63,1,2,1200,5,1,1,1,1,3,2,3,6,2,1,1,1,1,1
4,2,4,24,86,1,2,1200,5,2,1,2,1,3,2,1,18,1,1,1,1,1,1
4,1,11,122,92,1,2,1100,4,2,2,1,1,12,2,1,7,2,2,3,3,1,3
4,2,4,166,46,1,4,1300,3,1,0,1,1,12,2,2,26,1,3,1,1,2,1
4,2,4,166,52,1,4,1300,3,1,0,1,1,12,2,2,26,1,1,1,1,2,1
4,1,11,186,73,1,2,1000,4,2,2,1,1,12,2,2,7,2,1,1,1,1,1
4,1,1,210,111,1,2,1000,5,2,2,1,1,3,2,3,7,2,1,1,1,1,1
4,1,7,32,64,1,2,650,5,2,1,1,1,3,2,3,7,2,1,1,1,1,1
4,2,6,211,106,1,2,1000,5,2,2,1,1,12,2,3,10,2,3,1,1,1,1
4,2,5,131,55,1,1,550,5,2,1,1,1,3,2,3,6,2,1,3,3,1,1
4,2,6,153,52,1,2,700,5,2,1,1,1,3,2,3,6,2,1,1,1,1,1
4,2,5,212,63,1,2,750,5,2,1,1,1,3,2,3,6,2,1,1,1,1,1
4,2,3,84,63,1,2,1000,5,2,1,1,1,3,2,2,7,2,1,3,3,1,1
4,1,1,1,60,1,2,680,5,2,2,1,1,3,2,2,7,2,1,1,1,1,1
4,2,3,52,76,1,2,950,5,2,2,1,1,3,2,2,7,2,1,1,1,1,1
4,2,5,159,60,1,2,900,5,2,1,1,1,3,2,3,6,2,1,1,1,1,1
4,2,3,139,91,1,2,900,5,2,2,1,1,3,2,3,7,2,1,1,1,1,1
4,1,6,91,70,1,2,800,5,2,1,1,1,3,2,3,7,2,1,1,1,1,1
4,2,3,143,130,1,2,1200,5,3,1,1,1,3,2,3,7,2,1,1,1,1,1
4,2,2,213,84,1,1,1050,5,2,1,1,1,3,2,1,33,2,1,1,1,1,1
4,2,3,143,94,1,2,1200,5,2,2,1,1,3,2,2,7,2,1,1,1,1,1
4,2,3,214,70,1,2,1100,5,2,1,1,1,3,2,3,6,2,1,1,1,1,1
4,2,6,215,74,1,2,1100,5,2,1,1,1,3,2,3,6,2,1,3,3,3,3
4,1,11,186,68,1,2,975,5,2,1,1,1,12,2,3,7,2,1,1,1,1,1
4,1,9,216,117,1,2,1100,5,3,2,1,1,3,2,1,33,1,1,3,3,1,1
4,2,6,217,80,1,1,1300,5,2,1,1,1,3,2,2,18,1,1,3,3,1,1
4,2,6,218,52,1,3,1300,5,1,1,1,1,3,2,2,27,1,1,1,1,1,1
4,1,1,219,64,1,2,800,5,2,1,1,1,3,2,3,7,2,1,3,3,1,1
4,2,4,4,88,1,2,1000,5,2,2,1,1,3,2,1,1,2,1,3,3,3,3
4,2,5,159,60,1,2,800,5,2,1,1,1,3,2,1,6,2,1,3,3,1,1
4,2,5,220,85,1,2,900,5,2,2,1,1,3,2,3,6,2,1,3,3,1,1
4,1,1,95,37,1,1,600,5,2,1,1,1,3,2,3,5,2,1,3,3,1,1
4,2,6,183,65,1,2,800,4,2,2,1,1,12,2,2,7,2,1,1,1,1,1
4,2,6,109,100,1,2,1000,5,3,1,1,1,3,2,3,7,2,1,3,3,3,3
4,2,2,221,70,1,2,800,5,2,1,1,1,12,2,2,7,2,1,1,1,1,1
4,1,1,222,70,1,2,800,5,2,1,1,1,3,5,2,7,2,1,1,1,1,1
4,2,3,107,59,1,2,800,5,2,1,1,1,3,2,1,7,2,3,3,3,1,1
4,2,2,221,70,1,2,800,5,2,1,1,1,12,2,2,7,2,1,1,1,1,1
4,2,3,223,100,1,2,1100,3,2,2,1,1,36,2,3,5,2,1,3,3,3,3
4,1,9,224,96,1,2,1000,5,2,2,1,1,3,3,3,6,2,1,3,3,1,1
4,2,3,225,84,1,2,1300,5,2,1,1,1,3,2,3,6,2,1,1,1,1,1
4,2,3,226,80,1,2,1100,5,1,1,1,1,3,2,1,15,1,1,3,3,1,1
4,2,3,227,98,1,2,1300,5,2,2,1,1,3,2,1,6,2,1,1,1,1,1
4,2,12,208,98,1,2,1300,3,3,2,1,1,3,2,2,11,2,3,1,3,1,1
4,1,8,228,120,1,1,1000,5,3,2,2,1,3,2,3,30,1,1,1,1,1,1
4,2,6,229,89,1,2,1200,5,2,1,1,1,3,2,3,18,2,1,1,1,1,1
4,2,3,230,135,1,2,1300,5,3,2,1,1,3,2,2,7,2,1,1,1,1,1
4,1,9,231,56,1,2,1000,5,2,2,2,1,3,2,2,19,1,1,1,1,1,1
4,2,6,232,80,1,4,1260,5,2,1,1,1,3,2,1,24,1,1,1,1,1,1
4,1,8,233,92,1,1,1100,5,2,2,1,1,3,2,3,18,1,1,1,1,1,1
4,2,6,112,120,1,2,1300,5,3,1,1,1,3,2,1,30,1,1,1,1,1,1
4,1,9,234,94,1,2,1100,5,2,2,1,1,3,2,2,7,2,1,1,1,1,1
4,1,8,235,100,1,1,900,5,2,2,1,1,12,2,3,7,2,1,3,3,1,1
4,2,6,236,89,1,2,1100,5,2,2,1,1,3,2,3,7,2,1,1,1,1,1
4,2,3,99,43,1,4,1300,5,1,0,1,1,3,2,3,26,1,1,1,1,1,1
4,1,1,7,52,1,2,950,3,2,1,1,1,3,2,2,7,2,1,1,1,1,1
4,2,4,237,53,1,2,1200,5,1,1,1,1,24,2,3,27,1,1,1,1,1,1
4,2,4,166,46,1,2,1300,3,1,1,1,1,12,2,1,26,1,1,1,1,2,1
4,2,3,238,74,1,1,1300,3,2,1,1,1,12,2,2,23,1,3,1,1,1,1
4,2,6,239,86,1,2,1300,2,2,1,1,1,12,2,3,22,1,1,1,1,1,1
4,2,3,240,101,1,2,1100,3,3,2,1,1,24,2,3,6,2,1,3,3,3,3
4,2,6,34,93,1,2,1300,5,2,2,2,1,3,2,2,7,2,1,3,3,1,3
4,2,4,199,80,1,1,1300,5,2,1,1,1,3,2,3,7,1,1,1,1,1,1
4,2,6,215,117,1,2,1100,5,2,2,1,1,12,2,2,7,2,1,1,1,1,1
4,2,10,241,86,1,1,1100,5,2,1,1,1,3,2,2,7,2,1,1,1,1,1
4,2,5,242,87,1,2,1200,4,2,2,1,1,3,2,2,7,2,1,1,1,1,1
4,1,8,243,87,1,2,1100,5,2,1,1,1,3,2,3,6,2,1,1,1,1,1
4,1,7,244,83,1,2,900,5,2,2,1,2,3,5,3,7,2,1,1,1,1,1
4,1,8,243,87,1,2,1100,5,2,1,1,1,3,2,3,6,2,1,1,1,1,1
4,2,3,52,80,1,2,1200,5,2,2,1,1,3,2,3,7,2,1,1,1,1,1
4,2,4,4,98,1,1,1100,5,2,2,1,1,3,2,3,26,1,1,1,1,1,1
4,1,7,245,105,1,2,1000,5,2,2,1,1,12,2,2,18,1,1,1,1,1,1
4,1,8,246,93,1,2,1000,5,2,2,1,1,3,2,3,6,2,1,3,3,1,1
4,2,6,113,57,1,3,1200,3,1,1,1,1,12,2,3,22,1,1,1,1,1,1
4,2,3,45,108,1,2,1300,5,2,2,1,1,3,2,3,7,2,1,1,1,1,1
4,1,8,247,82,1,2,1100,5,2,1,1,1,3,2,2,7,2,1,1,1,1,1
4,2,4,199,110,1,2,1300,5,2,1,1,1,3,2,2,18,1,1,1,1,1,1
4,2,3,248,105,1,2,1200,3,3,2,1,1,12,3,2,7,2,1,1,1,1,1
4,1,11,122,91,1,2,1100,3,2,2,1,1,12,2,3,7,2,1,1,1,1,1
4,2,3,46,80,1,2,1100,5,2,1,1,1,3,2,3,7,2,1,1,1,1,1
4,2,6,113,55,1,2,1100,5,1,1,1,1,3,3,2,22,1,1,1,1,1,1
4,2,6,249,96,1,2,1100,5,2,2,1,1,3,2,2,15,1,1,1,1,1,1
4,2,3,226,80,1,2,1100,5,2,1,1,1,3,2,1,15,1,1,3,3,1,1
4,2,5,242,97,1,2,1200,5,2,2,1,1,3,4,2,7,2,1,1,1,1,1
4,1,8,102,96,1,2,850,3,2,2,1,1,3,2,2,6,2,1,1,1,1,1
4,1,12,167,34,1,1,1100,3,1,1,1,1,12,2,3,27,1,3,1,1,1,1
4,2,4,166,52,1,2,1300,5,1,1,1,20200730,3,2,1,18,1,1,1,1,1,1
4,1,1,7,53,1,2,900,5,2,1,1,1,3,2,2,7,2,1,1,1,1,1
4,2,6,136,54,1,2,700,2,1,2,1,1,12,2,2,5,2,1,3,3,1,1
4,1,8,18,110,1,2,1000,5,3,1,1,1,12,2,1,7,2,1,1,1,1,1
4,1,1,125,94,1,3,1100,5,2,2,1,1,3,2,1,32,2,1,3,3,3,3
4,1,9,76,99,1,2,1000,3,3,2,1,1,12,2,3,7,2,1,1,1,1,1
4,1,1,95,47,1,2,1000,5,2,1,1,1,3,2,2,6,2,1,3,3,1,1
4,2,6,198,114,1,2,1300,5,2,1,2,1,3,2,3,7,2,1,1,1,1,1
4,2,6,250,100,1,2,1200,5,3,2,1,1,12,2,3,6,2,1,1,1,1,1
4,1,1,251,90,1,2,900,5,2,2,1,1,12,2,2,7,2,1,3,3,1,1
4,2,2,195,98,1,2,1300,5,2,2,1,1,3,2,3,7,2,1,1,1,1,1
4,2,6,31,60,1,2,1100,5,2,1,1,1,3,2,3,7,2,1,1,3,1,1
4,1,8,102,78,1,2,1000,5,2,1,1,1,3,2,3,6,2,1,1,1,1,1
4,1,1,252,93,1,2,900,5,2,2,1,1,3,2,3,7,2,1,3,3,1,1
4,2,2,195,98,1,2,1300,5,2,2,1,1,3,2,3,7,2,1,1,1,1,1
4,2,6,253,77,1,2,1300,3,2,2,1,1,12,2,1,26,1,3,1,1,1,1
4,1,1,7,52,1,2,900,3,2,1,1,1,12,2,2,7,2,1,1,1,1,1
4,2,3,254,140,1,2,1300,5,3,2,2,1,3,2,2,7,2,1,1,1,1,1
4,2,2,255,79,1,2,1300,5,3,1,1,1,3,2,2,7,2,1,1,1,1,1
4,1,1,256,110,1,1,1000,4,3,2,1,1,12,2,3,28,1,1,3,3,1,1
4,2,6,56,124,1,1,1100,5,3,2,1,1,3,2,3,7,2,1,1,1,1,1
4,1,1,257,97,1,2,930,5,2,2,1,1,3,2,2,7,2,1,1,1,1,1
4,1,1,125,94,1,3,1100,5,2,2,1,1,3,2,1,32,2,1,3,3,3,3
4,1,8,258,76,1,2,900,4,3,1,1,1,12,2,3,6,2,3,3,3,3,3
4,2,3,107,105,1,2,1100,5,3,2,1,1,3,2,3,7,2,1,3,3,1,1
4,2,5,259,91,1,2,1200,5,2,1,1,1,3,2,2,7,2,1,3,3,1,1
4,2,2,260,97,1,2,1250,5,2,1,1,1,3,2,1,7,2,1,1,1,1,1
4,1,6,261,60,1,2,850,5,2,1,1,1,3,2,3,5,2,1,3,3,3,3
4,1,1,262,102,1,2,1000,5,2,1,1,1,3,2,2,7,2,1,1,1,1,1
4,2,6,198,114,1,2,1300,5,2,1,2,1,3,2,3,7,2,1,1,1,1,1
4,2,6,250,100,1,2,1200,5,3,2,1,1,12,2,3,6,2,1,1,1,1,1
4,1,1,251,90,1,2,900,5,2,2,1,1,12,2,2,7,2,1,3,3,1,1
4,2,3,263,98,1,2,1300,5,2,2,1,1,3,2,3,22,2,1,3,3,1,1
4,1,11,186,76,1,2,1000,5,2,2,1,20200731,3,2,3,7,2,1,1,1,1,1
4,1,1,127,53,1,2,900,5,2,1,1,1,3,2,3,7,2,1,3,3,1,1
4,1,7,58,93,1,2,1100,4,2,2,1,1,12,2,1,26,1,3,1,1,2,1
4,1,9,76,58,1,2,950,5,2,1,1,1,12,2,2,8,2,1,1,1,1,1
4,1,1,264,91,1,4,1100,5,2,2,1,1,3,2,2,7,2,1,1,3,1,1
4,2,6,10,137,1,2,1250,5,3,2,1,1,3,2,2,7,2,1,1,1,1,1
4,1,8,54,98,1,2,800,5,2,2,1,1,3,2,1,22,1,1,1,1,1,1
4,2,6,265,98,1,2,1100,5,2,2,1,1,3,2,3,7,2,1,3,3,3,3
4,2,4,24,40,1,2,1000,5,1,1,1,1,3,2,3,18,1,1,1,1,1,1
4,2,6,113,56,1,2,1200,5,1,1,1,1,3,2,2,22,1,1,1,1,1,1
4,2,4,171,62,1,2,1200,5,1,1,1,1,3,2,2,6,2,1,1,1,1,1
4,1,1,266,80,1,2,850,5,2,1,0,1,12,2,3,6,2,1,2,1,1,1
4,1,11,122,91,1,2,1000,5,2,2,1,1,3,2,3,7,2,1,1,1,1,1
4,1,8,197,98,1,2,1100,5,2,1,2,1,3,2,3,6,2,3,1,1,1,1
4,2,4,24,72,1,2,1200,5,2,2,1,1,3,2,1,18,1,1,3,3,1,1
4,2,4,24,92,1,2,1300,5,2,2,2,1,3,2,1,16,1,1,1,1,1,1
4,2,4,24,74,1,4,1200,5,2,1,2,1,3,2,1,18,1,1,1,1,1,1
4,1,1,209,145,1,2,1100,3,3,2,2,1,12,2,3,7,2,1,1,1,1,1
4,1,1,267,80,1,2,900,5,2,1,1,1,3,2,1,6,2,1,1,1,1,1
4,2,6,268,104,1,2,1100,5,3,2,1,1,3,2,3,7,2,1,3,3,3,3
4,1,1,269,110,1,2,1100,5,2,1,1,1,3,2,3,7,2,1,3,3,3,3
4,1,1,270,120,1,2,1100,5,3,2,1,1,3,2,2,7,2,1,3,3,1,1
4,1,1,1,58,1,2,1000,5,2,1,1,1,3,2,2,6,2,1,1,1,1,1
4,2,2,50,89,1,2,1100,5,2,1,1,1,3,2,3,7,2,1,1,1,1,1
4,1,1,256,133,1,2,1100,5,3,2,2,1,3,2,1,28,1,1,3,3,1,1
4,2,3,271,103,1,3,1300,5,2,2,1,1,3,2,3,6,2,1,3,3,1,1
4,1,1,262,110,1,2,1100,5,2,2,1,1,3,2,2,7,2,1,1,1,1,1
4,1,1,272,101,1,2,1000,5,2,2,1,1,12,2,3,7,2,3,1,1,1,1
4,1,1,1,58,1,2,900,5,2,2,1,1,3,2,2,7,2,1,1,1,1,1
4,2,3,230,135,1,2,1300,5,3,2,1,1,3,2,2,7,2,1,1,1,1,1
4,1,8,90,91,1,2,1100,5,3,2,1,1,3,2,3,6,2,1,3,3,2,1
4,2,4,273,125,1,1,1300,5,3,2,2,1,3,2,3,17,1,1,3,3,3,1
4,1,1,256,110,1,2,1100,3,2,2,1,1,12,2,1,28,1,3,3,3,1,1
4,1,1,20,70,1,2,850,5,2,1,1,1,3,2,2,5,2,1,3,3,1,1
4,2,6,136,153,1,2,1300,5,3,2,2,1,3,2,3,7,2,1,1,1,1,1
4,1,7,274,71,1,3,1100,5,2,1,1,1,3,2,1,6,2,1,1,1,1,1
4,1,8,243,93,1,2,1100,5,2,2,1,1,3,2,1,6,2,1,1,1,1,1
4,1,1,1,53,1,2,900,5,2,1,1,1,3,2,2,5,2,1,1,1,1,1
4,1,1,256,133,1,2,1100,5,3,2,2,1,3,2,1,28,1,1,3,3,1,1
4,2,3,271,103,1,3,1300,5,2,2,1,1,3,2,3,6,2,1,3,3,1,1
4,1,1,262,110,1,2,1100,5,2,2,1,1,3,2,2,7,2,1,1,1,1,1
4,1,1,272,101,1,2,1000,5,2,2,1,1,12,2,3,7,2,3,1,1,1,1
4,1,1,1,58,1,2,900,5,2,2,1,1,3,2,2,7,2,1,1,1,1,1
4,2,3,230,135,1,2,1300,5,3,2,1,1,3,2,2,7,2,1,1,1,1,1
4,1,8,275,86,1,2,1000,5,2,1,1,1,3,2,3,6,2,1,3,3,1,1
4,1,8,90,91,1,2,1100,5,3,2,1,1,3,2,3,6,2,1,3,3,2,1
4,1,1,264,90,1,2,1000,5,2,2,1,1,3,2,2,7,2,1,3,3,1,1
4,2,6,136,120,1,2,1100,5,2,2,2,1,3,2,3,7,2,1,1,1,1,1
4,1,1,141,96,1,2,950,5,3,2,1,1,3,2,3,7,2,1,3,3,1,1
4,1,1,20,70,1,2,850,5,2,1,1,1,3,2,2,5,2,1,3,3,1,1
4,2,6,136,153,1,2,1300,5,3,2,2,1,3,2,3,7,2,1,1,1,1,1
4,2,12,208,128,1,2,1100,3,4,2,2,1,12,2,2,32,1,2,1,1,1,1
4,1,7,274,71,1,3,1100,5,2,1,1,1,3,2,1,6,2,1,1,1,1,1
4,1,8,243,93,1,2,1100,5,2,2,1,1,3,2,1,6,2,1,1,1,1,1
4,2,3,214,81,1,4,1050,5,3,1,1,1,3,2,2,5,2,1,3,3,1,1
4,1,1,251,89,1,2,1000,5,2,2,1,1,3,2,2,7,2,1,3,3,1,1
4,1,7,276,111,1,2,1000,4,3,2,1,1,12,2,3,31,2,1,3,3,3,3
4,1,8,277,139,1,3,1000,5,3,2,2,1,3,2,1,24,1,1,1,1,1,1
4,2,6,113,80,1,3,1300,5,2,1,1,1,3,2,3,22,1,1,1,1,1,1
4,1,1,278,98,1,1,1100,5,2,2,1,1,36,2,2,7,2,1,1,1,1,1
4,1,6,91,93,1,1,900,3,2,2,1,1,24,2,3,7,2,2,1,1,1,1
4,2,3,99,43,1,2,1200,5,1,0,1,1,3,2,1,26,1,1,1,1,1,1
4,2,3,99,43,1,4,1200,5,1,0,1,1,3,2,2,26,1,1,1,1,1,1
4,2,4,279,45,1,2,1300,3,1,0,1,1,12,2,3,17,1,1,1,1,1,1
4,1,12,167,55,1,1,1100,5,1,0,1,1,3,2,3,27,1,1,1,1,1,1
4,2,6,218,55,1,4,1200,5,1,1,1,1,3,3,2,27,1,1,1,1,1,1
4,2,4,24,115,1,1,1300,5,3,2,2,1,3,2,2,18,1,1,1,1,1,1
4,2,4,24,50,1,2,1100,5,2,1,1,1,3,2,1,18,1,1,1,1,1,1
4,1,1,280,128,1,2,1100,5,3,2,1,1,3,2,2,6,2,1,3,3,3,1
4,1,8,102,76,1,2,850,5,2,1,1,1,3,2,3,6,2,1,3,3,1,1
4,1,8,18,68,1,2,850,5,2,1,1,1,3,2,2,7,2,1,1,1,1,1
4,1,1,1,68,1,2,850,5,2,2,1,1,3,2,3,5,2,1,1,1,1,1
4,2,4,281,109,1,2,1200,3,2,1,1,1,24,2,3,7,2,3,3,3,1,1
4,1,7,282,71,1,2,1100,5,2,1,1,1,3,2,2,6,2,1,3,3,1,1
4,2,4,171,40,1,2,1100,3,1,0,1,1,3,2,3,6,2,2,1,1,1,1
4,1,8,18,68,1,2,900,5,2,1,1,1,3,2,3,7,2,1,1,1,1,1
4,2,6,113,60,1,3,1300,5,1,1,1,1,3,2,2,22,1,1,1,1,1,1
4,2,4,24,95,1,2,1300,5,2,1,1,1,3,2,2,16,1,1,1,1,1,1
4,1,12,167,35,1,3,1100,5,1,1,1,1,3,2,2,25,1,1,1,1,2,1
4,2,6,138,60,1,1,600,5,2,2,1,1,3,2,3,5,2,1,3,3,3,3
4,2,6,283,90,1,2,1300,5,1,1,1,1,3,2,3,20,1,1,1,1,1,1
4,2,6,113,56,1,1,1100,5,1,1,1,1,3,2,3,22,1,1,1,1,1,1
4,1,1,209,99,1,2,1300,5,3,2,1,1,3,2,1,7,2,1,1,1,1,1
4,2,4,284,70,1,2,1500,5,2,1,1,1,3,2,3,6,2,1,1,1,1,1
4,2,3,99,43,1,4,1300,5,1,1,1,1,3,2,3,26,1,1,1,1,1,1
4,1,12,167,45,1,1,1000,5,1,0,1,1,3,2,3,27,1,1,1,1,1,1
4,2,6,218,50,1,4,1200,2,1,0,1,1,12,2,1,27,1,1,1,1,1,1
4,2,4,285,37,1,4,1100,5,1,1,1,1,3,2,3,25,2,1,1,1,1,1
4,1,1,262,130,1,2,1300,5,3,2,2,1,3,2,3,7,2,1,1,1,1,1
4,1,1,286,105,1,2,1200,5,2,2,1,1,3,2,3,6,2,1,1,1,1,1
4,1,6,287,80,1,2,1200,5,2,1,1,1,3,2,3,6,2,1,1,1,1,1
4,1,11,288,45,1,2,1100,5,1,0,1,1,3,2,2,30,1,1,1,1,1,1
4,2,3,289,142,1,2,1500,5,3,2,1,1,3,2,3,6,2,1,3,3,3,3
4,1,1,125,110,1,2,1200,3,2,2,1,1,12,2,2,32,2,3,3,3,3,3
4,2,6,218,39,1,1,1200,3,1,1,1,1,12,2,2,27,1,3,1,1,1,1
4,2,6,218,54,1,2,1200,5,1,0,1,1,3,2,3,27,1,1,1,1,1,1
4,2,6,113,56,1,2,1200,5,1,1,1,1,3,2,2,22,1,1,1,1,1,1
4,1,8,290,101,1,2,1300,5,2,2,1,1,3,2,2,33,2,1,3,3,3,3
4,1,8,291,88,1,2,1300,5,2,1,1,1,3,2,2,6,2,1,1,1,1,1
4,1,1,286,103,1,1,1300,5,2,2,1,1,12,2,1,6,2,3,1,1,1,1
4,1,1,292,123,1,2,1200,5,2,2,1,1,3,2,3,16,2,1,1,1,1,1
4,1,8,293,81,1,2,1150,5,2,2,1,1,3,2,3,33,1,1,1,1,1,1
4,2,4,294,98,1,1,1500,4,2,2,1,1,12,2,3,7,2,1,1,1,1,1
4,1,1,63,88,1,2,1200,2,2,2,1,1,12,2,2,5,2,3,3,3,1,1
4,2,3,99,44,1,2,1300,5,1,0,1,1,3,3,2,26,1,1,1,1,1,1
4,1,12,167,56,1,2,1100,5,1,1,1,1,3,2,3,26,1,1,1,1,1,1
4,1,12,167,55,1,3,1000,5,1,1,1,2,3,5,2,27,1,1,1,1,1,1
4,2,4,24,50,1,4,1300,5,1,1,1,1,3,2,1,18,1,1,1,1,1,1
4,2,3,295,100,1,2,1350,5,2,2,1,1,3,2,2,6,2,1,3,3,1,1
4,2,3,248,152,1,1,1500,5,3,2,2,1,3,2,2,7,2,1,1,1,1,1
4,1,1,296,102,1,2,1300,5,2,2,1,1,12,2,2,7,2,1,1,1,1,1
4,1,11,297,76,1,2,1100,5,2,2,1,1,3,2,2,7,2,1,1,1,1,1
4,2,4,166,53,1,4,1500,3,1,1,1,1,12,2,3,18,1,1,1,1,1,1
4,1,12,55,90,1,2,1300,5,2,2,1,1,3,2,2,33,1,1,1,3,1,1
4,1,1,125,95,1,3,1300,5,2,1,1,1,3,3,1,32,2,1,3,3,3,3
4,1,14,298,68,1,2,1300,3,2,1,1,1,12,2,2,7,2,1,3,3,1,1
4,1,11,122,92,1,2,1200,3,2,2,1,1,12,2,3,7,2,1,1,1,1,1
4,1,11,299,110,1,2,1200,5,2,2,1,1,3,2,1,16,1,1,1,1,1,1
4,1,8,300,108,1,2,1200,3,2,2,1,1,12,2,3,7,2,3,1,1,1,1
4,2,4,301,114,1,2,1500,5,2,2,1,1,12,2,3,27,1,1,1,1,1,1
4,1,9,231,112,1,4,1250,5,2,1,2,1,3,2,3,19,1,1,1,1,1,1
4,1,1,63,71,1,2,1200,5,2,2,1,1,3,2,2,7,2,1,3,3,1,1
4,1,8,100,100,1,1,1200,5,2,2,1,1,3,2,1,33,1,1,1,1,1,1
4,2,3,302,126,1,2,1500,5,3,2,2,1,3,2,1,6,2,1,1,1,1,1
4,1,7,303,133,1,2,1300,5,3,2,2,1,3,3,3,33,1,1,1,1,1,1
4,2,4,285,38,1,2,1100,5,1,0,1,1,3,2,2,25,2,1,1,1,1,1
4,1,12,167,40,1,4,1150,5,1,1,1,1,3,2,2,26,1,1,1,1,1,1
4,1,12,167,40,1,1,1200,5,1,1,1,1,3,2,3,26,1,1,1,1,1,1
4,1,8,304,45,1,2,1200,3,1,1,1,1,3,2,1,18,1,1,1,1,1,1
4,2,12,208,80,1,2,1500,4,2,1,1,1,12,2,2,18,1,3,1,3,1,1
4,2,12,208,96,1,2,1500,3,2,2,1,1,12,2,1,7,2,3,3,3,1,3
4,1,12,167,72,1,2,1200,4,2,1,1,1,36,2,1,27,1,3,1,1,1,1
4,2,13,157,70,1,2,1500,5,2,1,1,1,3,2,1,33,1,1,1,1,1,1
4,1,7,305,105,1,2,1200,5,3,2,1,1,3,2,1,1,2,1,3,3,3,3
4,2,4,301,114,1,2,1500,5,2,2,1,1,3,2,2,27,1,1,1,1,1,1
4,1,12,55,90,1,1,1200,4,2,2,1,1,12,2,2,33,1,3,1,1,1,1
4,1,8,228,129,1,2,1200,5,3,2,2,1,3,2,1,30,1,1,1,1,1,1
4,1,1,125,92,1,2,1200,3,2,2,1,1,12,2,1,32,2,3,3,3,3,3
4,1,8,100,100,1,2,1200,5,2,2,1,1,3,2,3,33,1,1,1,1,1,1
4,1,8,90,94,1,2,1300,5,2,2,1,1,3,2,1,7,2,1,1,1,2,1
4,1,8,18,80,1,2,1300,5,2,2,1,1,3,2,3,7,2,1,1,1,1,1
4,2,4,306,96,1,2,1500,5,2,1,1,1,3,2,3,33,1,1,3,3,1,1
4,1,8,54,90,1,2,1200,5,2,2,1,1,3,2,1,22,1,1,1,1,1,1
4,1,7,307,84,1,2,1200,5,2,1,1,1,3,2,1,6,2,1,1,1,1,1
4,2,4,281,108,1,2,1500,5,2,2,1,1,12,2,3,7,2,1,3,3,1,1
4,2,3,99,43,1,4,1200,5,1,0,1,1,3,2,2,26,1,1,1,1,1,1
4,1,1,308,80,1,2,1200,5,2,2,1,1,3,3,2,7,2,1,1,1,1,1
4,1,8,300,94,1,2,1300,5,3,1,1,1,3,2,2,7,2,1,1,1,1,1
4,1,1,264,90,1,2,1200,5,2,2,1,1,3,2,2,7,2,1,3,3,1,1
4,1,8,309,108,1,2,1200,3,2,1,1,1,3,2,2,7,2,1,1,1,1,1
4,1,8,176,98,1,2,1200,5,2,2,1,1,3,2,3,6,2,1,1,1,1,1
4,2,4,166,46,1,4,1400,5,1,0,1,1,12,2,2,26,1,1,1,1,2,1
4,2,12,208,86,1,2,1460,5,3,2,1,1,3,2,2,7,2,1,1,1,1,1
4,1,8,191,120,1,1,1300,5,3,2,1,1,3,2,1,33,1,1,1,1,1,1
4,2,6,310,60,1,2,1500,5,1,1,1,1,3,2,2,20,1,1,1,1,1,1
4,2,6,311,80,1,2,1350,5,2,1,1,1,3,2,1,25,1,1,1,1,1,1
4,1,1,286,105,1,2,1200,5,2,2,1,1,3,2,3,6,2,1,1,1,1,1
4,1,12,167,35,1,1,1000,5,1,0,1,1,3,2,2,27,1,1,1,1,1,1
4,2,2,312,89,1,2,1500,5,2,2,1,1,3,2,1,32,1,1,1,1,1,1
4,1,1,292,124,1,2,1200,5,2,2,1,1,3,2,3,17,1,1,1,1,1,1
4,2,5,313,121,1,2,1500,5,3,2,2,1,3,2,3,6,2,1,3,3,1,1
4,1,8,191,126,1,2,1300,5,3,2,1,1,3,2,3,33,1,1,1,1,1,1
4,1,1,286,105,1,2,1200,5,2,2,1,1,3,3,3,6,2,1,1,1,1,1
4,1,8,300,94,1,2,1300,5,3,2,1,1,3,2,3,7,2,1,1,1,1,1
4,2,10,314,92,1,2,1400,5,2,2,1,20200801,3,2,3,32,2,1,3,3,3,3
4,1,1,126,98,1,1,1200,5,3,1,1,1,3,2,3,7,2,1,3,3,3,3
4,1,1,278,100,1,2,1100,5,2,2,1,1,3,2,1,7,2,1,1,1,1,1
4,2,6,232,90,1,2,1400,4,2,1,1,1,12,2,3,24,1,1,1,1,1,1
4,1,1,125,94,1,2,1300,3,2,2,1,1,12,2,2,32,2,1,3,3,3,3
4,1,11,122,91,1,2,1300,5,2,2,1,1,3,2,2,7,2,1,1,1,1,1
4,1,1,125,94,1,3,1300,5,2,1,1,1,3,2,1,32,2,1,3,3,3,3
4,1,12,315,105,1,2,1300,5,2,2,1,1,3,2,1,33,2,1,1,1,1,1
4,1,1,141,96,1,3,1200,5,2,2,1,1,3,2,3,17,1,1,1,1,1,1
4,1,12,167,41,1,2,1300,5,1,1,1,1,3,2,3,27,1,1,1,1,2,1
4,2,4,24,82,1,2,1500,5,2,2,1,1,3,2,1,16,1,1,1,1,1,1
4,2,4,237,40,1,2,1500,5,1,1,1,1,3,2,3,25,1,1,1,2,1,1
4,1,9,174,96,1,2,1300,5,3,2,1,1,3,2,3,2,2,1,3,3,3,3
4,1,9,174,106,1,2,1200,5,3,2,1,1,3,2,3,6,2,1,3,3,1,1
4,1,6,316,45,1,2,1200,5,1,1,1,1,3,2,1,18,1,1,1,1,1,1
4,1,12,317,99,1,2,1300,3,2,2,1,1,12,2,3,7,2,3,1,1,1,1
4,1,7,318,113,1,2,1200,5,3,2,2,1,3,2,3,6,2,1,1,1,1,1
4,1,12,55,98,1,2,1300,5,2,2,2,1,3,2,3,33,1,1,3,3,1,1
4,1,11,319,97,1,2,1230,3,2,2,1,1,12,2,1,33,1,3,1,1,1,1
4,1,7,58,94,1,2,1300,5,2,2,1,1,3,2,1,26,1,1,1,1,1,1
4,1,7,282,78,1,2,1000,5,2,1,1,1,3,2,3,6,2,1,1,1,1,1
4,2,13,187,84,1,2,1400,5,2,2,1,1,3,2,3,33,1,1,1,1,1,1
4,1,8,304,97,1,2,1200,5,2,1,1,1,3,2,3,28,1,1,1,1,1,1
4,2,5,313,92,1,2,1500,5,2,2,1,1,3,2,1,6,1,1,3,3,1,1
4,1,1,262,100,1,2,1300,5,2,2,1,1,24,2,1,7,2,1,1,1,1,1
4,1,8,54,90,1,2,1200,5,2,1,1,1,3,2,1,22,1,1,1,1,1,1
4,1,8,247,81,1,2,1200,5,2,1,1,1,3,2,2,7,2,1,1,1,1,1
4,2,4,48,95,1,2,1500,5,2,2,1,1,36,2,3,24,2,3,3,3,3,3
4,2,4,320,83,1,2,1500,5,2,1,1,1,3,3,1,6,2,1,3,3,1,1
4,2,4,24,108,1,2,1500,5,3,2,1,1,3,2,1,11,1,1,1,1,1,1
4,1,8,100,102,1,4,1300,2,2,2,1,1,12,2,2,33,1,3,1,1,1,1
4,1,8,321,116,1,2,1300,5,2,2,1,1,12,2,3,18,1,1,1,1,1,1
4,2,5,313,92,1,2,1500,5,2,2,1,1,3,2,1,6,1,1,3,3,1,1
4,1,8,54,85,1,2,1300,3,2,1,1,1,3,2,2,6,2,2,1,1,1,1
4,1,8,300,98,1,2,1300,5,2,2,1,1,3,2,2,7,2,1,1,1,1,1
4,2,4,322,106,1,3,1350,3,3,2,1,1,12,2,1,27,1,1,3,3,1,1
4,2,4,24,116,1,1,1400,5,3,2,2,1,3,2,3,18,1,1,1,1,1,1
4,1,8,54,90,1,1,1200,3,2,2,1,1,12,2,2,22,1,1,1,1,1,1
4,2,4,166,61,1,2,1500,3,3,2,2,1,3,2,2,16,1,1,1,1,1,1
4,2,4,27,39,1,1,1350,5,1,0,1,1,12,2,3,13,2,1,1,1,1,1
4,1,12,323,41,1,1,1300,3,1,0,1,1,12,2,2,17,1,1,1,1,3,1
4,1,12,324,49,1,2,1300,2,1,1,1,1,12,2,1,27,1,1,1,1,2,1
4,2,3,227,93,1,2,1500,5,2,1,1,1,3,2,2,6,2,1,1,1,1,1
4,1,8,321,117,1,2,1200,5,2,2,1,1,3,2,3,18,1,1,1,1,1,1
4,1,14,325,60,1,2,1300,4,2,1,1,1,12,2,3,5,2,1,3,3,3,3
4,2,3,9,109,1,2,1500,5,3,2,1,1,3,2,1,24,1,1,1,1,1,1
4,1,9,326,108,1,1,1300,2,3,1,1,1,12,2,1,7,2,1,1,1,1,1
4,1,7,327,98,1,2,1300,5,2,1,1,1,3,2,2,33,1,1,1,1,1,1
4,2,4,328,120,1,2,1400,5,2,2,1,1,3,2,2,7,2,1,1,1,1,1
4,2,6,329,98,1,2,1500,4,2,1,1,1,12,2,1,27,1,3,1,1,1,1
4,2,4,320,103,1,2,1500,3,2,2,1,1,24,2,3,6,2,1,1,1,1,1
4,1,1,278,120,1,2,1200,5,3,2,1,1,3,2,3,6,2,1,1,1,1,1
4,1,9,330,93,1,2,1200,4,2,2,1,1,12,2,3,6,2,1,3,3,1,1
4,1,12,331,73,1,2,1200,5,1,1,0,1,3,2,3,16,1,1,1,1,2,1
4,2,4,24,115,1,2,1400,5,3,2,2,1,3,2,1,18,1,1,1,1,1,1
4,2,6,332,90,1,2,1500,1,2,1,1,1,12,2,2,23,1,1,1,1,1,1
4,1,12,167,55,1,2,1300,5,1,1,0,1,3,2,2,27,1,1,1,1,2,1
4,2,6,310,70,1,2,1400,3,1,2,1,1,12,2,2,26,1,3,1,1,1,1
4,1,9,330,93,1,2,1200,4,2,2,1,1,12,2,3,6,2,1,3,3,1,1
4,1,12,331,73,1,2,1200,5,1,1,0,1,3,2,3,16,1,1,1,1,2,1
4,1,1,209,96,1,2,1200,5,2,1,2,1,3,2,1,7,2,1,1,1,1,1
4,2,3,227,94,1,2,1450,3,2,2,1,1,12,2,3,6,2,3,1,1,1,1
4,1,12,324,52,1,4,1200,5,1,1,1,1,3,2,2,27,1,1,1,1,2,1
4,2,4,166,40,1,2,1500,5,1,1,1,1,3,2,2,26,1,1,1,1,2,1
4,2,4,166,50,1,2,1400,5,2,2,2,1,3,2,1,16,1,1,1,1,1,1
4,2,4,166,45,1,2,1500,5,1,0,1,1,12,2,2,26,1,1,1,1,2,1
4,1,12,167,72,1,1,1300,5,2,1,1,1,3,2,2,27,1,1,1,1,1,1
4,1,11,186,74,1,2,1150,5,2,2,1,1,3,2,2,7,2,1,1,1,1,1
4,2,2,333,131,1,2,1400,3,3,2,1,1,12,2,2,7,2,1,1,1,1,1
4,2,3,67,150,1,1,1500,5,3,2,2,1,3,2,2,6,2,1,1,1,1,1
4,2,6,334,131,1,2,1500,5,3,1,1,1,12,2,1,28,2,1,1,1,1,1
4,1,1,125,94,1,1,1300,5,2,2,1,1,3,2,3,32,2,1,3,3,3,3
4,1,1,252,92,1,2,1200,5,2,2,1,1,3,2,3,7,2,1,3,3,1,1
4,1,1,335,140,1,2,1200,5,3,2,2,1,3,2,1,6,2,1,3,3,3,3
4,2,6,113,87,1,2,1500,5,3,1,1,1,3,2,2,22,1,1,2,2,1,1
4,1,8,309,125,1,2,1200,5,3,2,1,1,3,2,2,7,2,1,1,1,1,1
4,2,3,336,125,1,2,1500,5,2,2,1,1,3,2,2,28,1,1,3,3,1,1
4,2,6,232,118,1,2,1300,5,2,1,1,1,3,2,2,30,1,1,1,1,1,1
4,1,11,122,96,1,2,1200,5,3,1,1,1,3,2,3,7,2,1,1,1,1,1
4,2,4,24,116,1,2,1500,5,3,2,2,1,3,2,3,18,1,1,1,1,1,1
4,1,7,337,80,1,2,1300,5,2,1,1,1,3,2,2,7,2,1,1,1,1,1
4,2,4,328,105,1,4,1500,5,2,2,1,1,3,2,3,7,2,1,1,1,1,1
4,2,12,208,96,1,2,1400,3,3,2,2,1,12,2,3,6,2,1,1,1,1,1
4,1,9,338,101,1,3,1200,5,2,2,1,1,3,2,2,7,2,1,1,1,1,1
4,1,11,122,96,1,2,1200,5,3,1,1,1,3,2,3,7,2,1,1,1,1,1
4,2,6,339,84,1,2,1500,5,2,2,1,1,3,2,2,7,2,1,1,1,1,1
4,2,4,24,116,1,2,1500,5,3,2,2,1,3,2,3,18,1,1,1,1,1,1
4,2,12,208,96,1,2,1400,3,3,2,2,1,12,2,3,6,2,1,1,1,1,1
4,2,6,340,180,1,2,1500,5,3,1,2,1,3,2,2,18,1,1,1,1,1,1
4,2,3,67,150,1,1,1500,5,3,2,2,1,3,2,2,6,2,1,1,1,1,1
4,1,1,335,140,1,2,1200,5,3,2,2,1,3,2,1,6,2,1,3,3,3,3
4,1,7,337,80,1,2,1300,5,2,1,1,1,3,2,2,7,2,1,1,1,1,1
4,2,6,310,98,1,2,1450,5,2,2,1,1,12,2,2,26,1,1,1,1,1,1
4,2,3,341,173,1,2,1500,5,3,2,1,1,3,2,1,7,2,1,1,1,1,1
4,2,4,48,95,1,2,1500,5,2,2,1,1,3,2,1,24,1,1,3,3,1,1
4,1,8,90,94,1,1,1200,5,2,2,1,1,12,2,1,7,2,3,1,1,2,1
4,1,11,122,91,1,2,1200,4,2,2,1,1,12,2,2,7,2,3,1,1,1,1
4,2,4,328,62,1,2,1400,5,1,1,1,1,3,2,2,17,2,1,1,1,1,1
4,1,8,100,80,1,2,1200,5,2,1,1,1,3,2,1,33,1,1,1,1,1,1
4,2,4,24,86,1,4,1400,5,2,1,1,1,3,2,2,18,1,1,1,1,1,1
4,2,4,201,62,1,2,1500,5,1,1,1,1,3,2,2,11,2,1,3,3,1,1
4,1,12,324,56,1,1,1200,5,1,1,1,1,3,2,1,27,1,1,1,1,2,1
4,2,4,24,95,1,2,1400,5,2,1,2,1,3,2,2,18,1,1,1,1,1,1
4,1,12,167,56,1,2,1200,5,1,1,1,1,3,2,1,27,1,1,1,1,1,1
4,2,4,24,72,1,2,1400,5,2,2,2,1,3,2,2,18,1,1,3,3,1,1
4,2,6,342,110,1,1,1500,5,2,1,1,1,3,2,2,18,1,1,1,1,1,1
4,1,8,258,100,1,2,1200,5,3,2,1,1,3,2,2,6,2,1,3,3,3,3
4,1,7,307,80,1,2,1300,5,2,1,1,1,3,2,2,6,2,1,1,1,1,1
4,2,2,260,94,1,2,1400,3,2,2,1,1,36,2,2,7,2,3,1,1,1,1
4,1,1,210,111,1,2,1300,5,2,2,1,1,12,2,2,7,2,1,1,1,1,1
4,2,4,343,102,1,2,900,5,3,2,1,1,1,2,2,9,1,1,1,1,1,1
4,2,2,312,87,1,2,1500,5,2,2,1,1,3,2,3,32,2,1,3,3,1,3
4,1,1,344,103,1,2,1250,5,2,2,1,1,3,3,3,6,2,1,1,1,1,1
4,2,6,345,135,1,2,1500,5,3,2,2,1,3,2,1,27,1,1,1,1,1,1
4,2,2,312,90,1,2,1500,5,2,2,1,1,3,2,3,32,2,1,3,3,1,3
4,2,3,238,75,1,2,1450,5,2,1,1,1,3,2,1,23,1,1,1,1,1,1
4,1,8,293,118,1,1,1200,5,3,2,2,1,3,2,1,33,1,1,1,1,1,1
4,1,8,191,121,1,2,1300,5,3,2,1,1,3,2,1,33,1,1,3,3,1,1
4,2,6,178,109,1,2,1400,5,3,2,1,1,3,2,2,6,2,1,3,3,1,1
4,1,11,122,91,1,2,1300,5,2,2,1,1,3,2,2,7,2,1,1,1,1,1
4,1,1,308,80,1,2,1200,5,2,2,1,1,3,2,2,7,2,1,1,1,1,1
4,1,1,256,111,1,2,1200,5,2,1,1,1,3,2,2,28,1,1,3,3,1,1
4,1,8,293,98,1,2,1300,5,2,1,1,1,12,2,2,31,1,1,3,3,1,1
4,1,9,346,110,1,2,1200,5,3,2,1,1,3,2,1,7,2,1,3,3,1,1
4,1,11,122,91,1,2,1300,5,2,2,1,1,12,2,3,7,2,1,2,3,1,1
4,1,11,122,93,1,2,1200,5,2,2,1,1,3,2,2,7,2,1,1,1,1,1
4,1,11,122,91,1,2,1300,3,2,2,1,1,12,2,2,7,2,1,1,1,1,1
4,1,8,54,98,1,2,1300,5,2,2,1,1,24,2,2,22,1,3,1,1,1,1
4,1,6,146,114,1,2,1200,5,3,1,1,1,3,2,3,7,2,1,3,3,3,3
4,2,3,47,103,1,2,1500,5,3,2,1,1,3,2,3,18,1,1,1,1,1,1
4,2,3,347,126,1,2,1300,5,3,2,2,1,3,2,3,29,1,1,3,3,1,1
4,2,3,238,78,1,2,1000,5,1,2,1,1,3,2,3,23,1,1,1,1,1,1
4,2,10,348,128,1,2,1500,5,3,2,1,1,3,2,1,30,1,1,1,1,1,1
4,2,4,320,82,1,2,1500,5,2,2,1,1,3,2,1,6,2,1,1,1,1,1
4,2,6,349,142,1,2,1200,5,3,2,2,1,3,2,2,7,2,1,3,3,1,1
4,1,1,209,96,1,2,1200,5,2,2,2,1,3,2,1,7,2,1,1,1,1,1
4,1,11,122,91,1,2,1300,3,2,2,1,1,12,2,1,7,2,3,1,1,1,1
4,2,3,74,98,1,2,1500,5,2,2,2,1,3,2,1,7,2,1,1,1,1,1
4,1,8,293,140,1,2,1300,3,3,2,2,1,12,2,1,29,1,1,1,1,1,1
4,2,6,217,90,1,2,1500,3,3,2,2,1,12,5,3,18,1,2,3,3,1,1
4,2,3,295,138,1,2,1500,5,3,2,2,1,3,2,3,15,1,1,1,1,1,1
4,2,6,56,108,1,2,1350,5,2,2,1,1,3,2,3,6,2,1,1,1,1,1
4,1,8,54,100,1,1,1200,4,2,2,1,1,12,2,1,22,1,1,1,1,1,1
4,1,1,350,100,1,2,1200,5,2,2,1,1,12,2,3,7,2,1,3,3,3,1
4,2,6,345,135,1,2,1500,5,3,2,2,1,3,2,1,27,1,1,1,1,1,1
4,2,2,312,90,1,2,1500,5,2,2,1,1,3,2,3,32,2,1,3,3,1,3
4,1,1,262,100,1,1,1200,5,2,2,1,1,3,2,2,7,2,1,1,1,1,1
4,2,6,178,109,1,2,1400,5,3,2,1,1,3,2,2,6,2,1,3,3,1,1
4,1,11,122,89,1,2,1300,5,2,1,1,1,3,2,2,7,2,1,1,1,1,1
4,1,8,293,102,1,3,1200,3,3,2,2,1,12,2,2,33,1,1,3,3,1,1
4,2,6,10,148,1,1,1400,5,4,2,1,1,12,2,2,7,2,1,1,1,1,1
4,2,6,351,101,1,2,1400,5,2,1,1,1,3,2,1,17,2,1,3,3,1,1
4,1,1,308,80,1,2,1200,5,2,2,1,1,3,2,2,7,2,1,1,1,1,1
4,1,1,262,105,1,2,1300,5,2,2,1,1,24,2,1,7,2,1,1,1,1,1
4,1,11,122,91,1,2,1300,5,2,2,1,1,12,2,3,7,2,1,2,3,1,1
4,1,11,122,93,1,2,1200,5,2,2,1,1,3,2,2,7,2,1,1,1,1,1
4,1,11,122,91,1,2,1300,3,2,2,1,1,12,2,2,7,2,1,1,1,1,1
4,1,8,54,98,1,2,1300,5,2,2,1,1,24,2,2,22,1,3,1,1,1,1
4,1,1,280,95,1,4,1200,5,2,1,1,1,3,2,2,6,2,1,3,3,3,1
4,2,6,352,70,1,2,1400,5,2,1,1,1,3,2,1,1,2,1,3,3,3,3
4,1,8,54,98,1,2,1300,5,2,2,1,1,3,2,2,22,1,1,1,1,1,1
4,1,1,264,90,1,2,1300,5,2,2,1,1,3,2,1,7,2,1,1,3,1,1
4,2,3,47,103,1,2,1500,5,3,2,1,1,3,2,3,18,1,1,1,1,1,1
4,2,12,208,105,1,2,1500,3,3,2,2,1,12,2,2,11,2,1,1,3,1,1
4,1,8,54,90,1,2,1300,5,2,1,1,1,3,2,3,22,1,1,1,1,1,1
4,1,1,126,77,1,1,1200,5,2,1,1,1,3,3,1,7,2,1,3,3,3,3
4,2,3,353,94,1,2,1500,3,2,1,1,1,3,2,1,7,2,3,3,3,1,1
4,1,1,262,130,1,2,1200,5,3,2,2,1,3,2,2,7,2,1,1,1,1,1
4,1,11,122,91,1,2,1300,4,2,2,1,1,24,2,2,7,2,1,1,1,1,1
4,2,4,207,52,1,4,1400,3,1,1,1,1,12,2,2,7,1,1,1,1,1,1
4,2,4,166,45,1,4,1500,5,1,0,1,1,3,2,3,26,1,1,1,1,2,1
4,2,6,218,53,1,1,1400,5,1,1,1,1,12,2,2,27,1,1,1,1,1,1
4,2,3,354,50,1,3,1500,5,1,1,1,1,3,2,2,24,1,1,1,1,1,1
4,1,8,243,80,1,2,1200,5,2,2,1,1,3,2,3,6,2,1,1,1,1,1
4,2,4,48,95,1,2,1500,4,2,2,1,1,24,2,1,24,2,3,3,3,1,1
4,2,4,355,99,1,2,1500,5,2,1,1,1,3,2,2,7,2,1,1,1,1,3
4,2,2,333,96,1,2,1400,3,2,2,1,1,12,2,3,18,1,3,3,3,1,1
4,2,4,356,98,1,2,1800,5,2,2,1,1,3,2,1,6,2,1,1,1,1,3
4,2,3,354,51,1,2,1500,5,1,1,1,1,3,2,1,24,1,1,1,1,1,1
4,2,4,24,92,1,2,1350,5,2,1,2,1,3,2,1,18,1,1,1,1,1,1
4,2,4,24,96,1,2,1400,5,2,1,1,20200801,3,2,1,16,1,1,1,1,1,1
4,2,4,24,80,1,2,1400,5,2,1,2,1,3,2,3,16,1,1,1,1,1,1
4,2,4,24,96,1,2,1350,5,2,1,2,1,3,2,2,16,1,1,1,1,1,1
4,2,4,24,95,1,2,1350,5,2,1,2,1,3,2,1,18,1,1,1,1,1,1
4,1,12,167,55,1,1,1300,3,1,1,1,1,12,2,3,27,1,3,3,3,2,1
4,1,12,167,40,1,2,1300,5,1,1,1,1,3,2,2,27,1,1,1,1,2,1
4,2,3,357,53,1,1,1500,5,1,0,1,1,3,2,2,26,1,1,1,1,1,1
4,2,6,310,70,1,2,1400,5,1,2,1,1,12,2,2,26,1,1,1,1,1,1
4,1,12,167,42,1,3,1200,2,1,1,1,1,12,2,2,27,1,1,1,1,1,1
4,1,12,167,61,1,1,1300,5,1,1,1,1,3,2,2,27,1,1,1,1,2,1
4,1,12,167,55,1,2,1200,5,1,1,1,1,3,2,3,26,1,1,1,1,1,1
4,1,12,167,56,1,1,1200,3,1,1,1,1,12,2,3,27,1,3,1,1,2,1
4,1,12,323,42,1,3,1250,4,1,1,1,1,3,2,3,17,1,1,3,3,3,1
4,1,12,324,50,1,1,1200,5,1,1,1,1,3,2,1,27,1,1,1,1,2,1
4,1,12,167,51,1,2,1300,5,1,1,1,1,3,2,3,27,1,1,1,1,2,1
4,2,6,310,60,1,1,1400,5,1,1,1,1,3,2,2,20,1,1,1,1,1,1
4,1,6,316,48,1,4,1258,4,1,2,1,1,24,2,2,18,1,3,1,1,1,1
4,1,12,358,38,1,2,1300,5,1,1,1,1,3,2,1,18,1,1,1,1,1,1
4,1,12,323,50,1,1,1300,3,1,1,1,1,3,2,3,17,1,2,3,3,3,1
4,2,4,166,63,1,2,1600,5,3,1,2,1,3,2,2,16,1,1,1,1,1,1
4,2,4,201,105,1,3,1800,5,2,2,1,1,3,2,2,6,2,1,3,3,1,1
4,2,3,9,160,1,1,1700,5,3,2,1,1,3,2,3,24,1,1,1,1,1,1
4,1,7,282,83,1,2,800,5,2,1,1,1,3,2,2,6,2,1,1,1,1,1
4,2,3,99,78,1,2,1800,5,2,1,1,1,3,2,3,26,1,1,1,1,1,1
4,2,6,31,63,1,2,800,4,2,1,1,1,12,3,1,7,2,1,1,3,1,1
4,2,4,284,90,1,2,1900,5,2,1,1,1,3,2,2,7,1,1,1,1,1,1
4,2,4,359,59,1,4,1800,5,3,1,2,1,3,2,2,8,1,1,1,1,1,1
4,1,12,167,55,1,3,1200,5,1,0,1,1,3,2,3,27,1,1,1,1,1,1
4,2,5,5,60,1,2,700,5,2,1,1,1,3,2,1,6,2,1,1,1,1,1
4,2,4,273,46,1,2,1400,5,1,1,1,1,3,2,2,17,1,1,3,3,3,1
4,2,4,237,50,1,2,1500,5,1,1,1,1,3,2,2,27,1,1,1,1,1,1
4,1,12,323,41,1,1,1250,5,1,0,1,1,3,2,2,17,1,1,3,3,3,1
4,2,4,237,57,1,2,1500,5,1,0,1,1,3,2,3,27,1,1,1,1,1,1
4,1,12,323,41,1,3,1300,3,1,1,1,1,12,2,2,17,1,3,3,3,3,1
4,1,6,316,42,1,4,1200,5,1,1,1,1,3,2,2,18,1,1,1,1,1,1
4,1,6,316,48,1,2,1200,5,1,1,1,1,3,2,1,18,1,1,1,1,1,1
4,2,4,360,41,1,3,1400,5,1,1,1,1,3,2,2,21,1,1,3,3,1,1
4,2,4,237,42,1,2,1500,5,1,1,1,1,3,2,2,25,1,1,1,2,1,1
4,2,4,273,50,1,2,1500,2,1,1,1,1,12,2,2,17,1,1,1,1,3,1
4,2,3,99,93,1,2,1800,3,2,1,1,1,12,2,3,26,1,3,1,1,1,1
4,2,6,198,121,1,2,1800,5,2,1,2,1,12,2,2,10,1,1,1,1,1,1
4,1,12,167,61,1,3,1200,5,1,1,1,1,3,2,3,27,1,1,1,1,2,1
4,1,12,167,35,1,2,1200,5,1,1,1,1,3,2,2,27,1,1,1,1,2,1
4,1,12,167,35,1,1,1200,3,1,1,1,1,12,2,2,27,1,3,1,1,1,1
4,1,12,167,40,1,2,1300,5,1,1,1,1,3,2,3,27,1,1,1,1,1,1
4,1,12,167,55,1,1,1300,5,1,1,1,1,3,2,3,27,1,1,3,3,2,1
4,1,12,167,43,1,3,1200,3,1,1,1,1,12,2,3,27,1,1,1,1,1,1
4,1,12,167,40,1,2,1200,5,1,0,1,1,3,2,3,27,1,1,1,1,2,1
4,1,12,167,51,1,2,1300,3,1,0,1,1,12,2,2,27,1,3,1,1,2,1
4,1,8,361,110,1,2,1500,5,2,2,2,1,12,2,3,6,2,1,1,1,1,1
4,1,7,362,94,1,2,1500,3,2,2,1,1,12,2,2,6,2,3,1,1,1,1
4,2,4,281,108,1,2,1800,5,2,2,1,1,3,2,2,7,2,1,3,3,1,1
4,1,12,167,61,1,2,1300,5,1,1,1,1,3,2,2,27,1,1,1,1,1,1
4,1,12,167,60,1,2,1300,3,1,1,1,1,12,2,1,27,1,3,1,1,1,1
4,1,12,167,61,1,2,1300,5,1,1,1,1,3,2,2,27,1,1,1,1,1,1
4,2,6,363,133,1,2,1900,5,3,2,2,1,3,2,1,33,1,1,1,1,1,1
4,1,7,362,94,1,2,1500,3,2,2,1,1,12,2,2,6,2,3,1,1,1,1
4,1,7,364,111,3,2,1500,5,3,2,1,2,3,2,2,18,1,1,1,1,1,1
4,2,6,329,96,1,2,1800,5,2,1,1,1,24,2,3,31,1,1,1,1,1,1
4,2,4,24,116,1,2,1600,4,3,2,2,1,12,2,2,18,1,1,1,1,1,1
4,2,4,166,50,1,2,1600,5,2,2,1,1,3,3,1,16,1,1,1,1,1,1
4,1,1,365,113,1,2,1500,3,2,2,1,1,12,2,2,30,1,1,1,1,1,1
4,1,11,299,127,1,2,1500,2,3,2,2,1,12,2,2,7,1,1,1,1,1,1
4,1,8,228,103,1,2,1500,5,2,2,1,1,3,2,3,32,1,1,1,1,1,1
4,1,7,173,90,1,2,1400,4,2,2,1,1,12,2,3,7,2,1,3,3,1,1
4,2,6,366,61,1,2,1500,5,1,0,0,1,3,2,1,15,1,1,1,1,1,1
4,2,4,27,39,1,1,1500,5,1,0,1,1,12,2,3,13,2,1,1,1,1,1
4,1,1,256,103,1,2,1500,3,2,2,1,1,12,2,3,28,1,1,1,1,1,1
4,1,12,331,56,1,2,1250,5,1,1,1,1,3,2,1,24,2,1,1,1,1,1
4,2,4,367,45,1,2,1450,5,1,1,1,1,12,2,3,16,1,3,1,1,1,1
4,2,4,360,38,1,2,1800,5,1,1,1,1,3,2,2,21,1,1,3,3,1,1
4,1,12,167,40,1,2,1200,3,1,0,1,1,36,2,3,26,1,1,1,1,1,1
4,1,12,167,35,1,1,1200,5,1,0,1,1,3,2,3,27,1,1,1,1,2,1
4,1,12,167,55,1,1,1300,5,1,1,1,1,3,2,2,27,1,1,1,1,1,1
4,1,11,299,121,1,2,1500,3,3,2,1,1,3,2,2,7,2,1,1,1,1,1
4,2,3,368,80,1,2,1600,5,2,2,1,1,3,2,1,6,2,1,1,1,1,1
4,2,4,369,141,1,3,1900,5,3,2,2,1,3,2,3,28,1,1,1,1,1,1
4,2,3,248,167,1,2,1800,5,4,2,2,1,3,2,2,7,2,1,1,1,1,1
4,1,11,184,106,1,3,1480,5,2,1,1,1,3,2,3,33,2,1,1,1,1,1
4,1,1,125,94,1,3,1500,3,2,2,1,1,12,2,1,32,2,1,3,3,3,3
4,2,4,166,112,1,2,1800,5,2,2,2,1,3,2,2,16,1,1,1,1,1,1
4,2,6,218,85,1,1,1600,5,2,1,1,1,3,2,1,27,1,1,1,1,1,1
4,1,8,370,118,1,2,1500,5,3,2,2,1,3,2,1,7,2,1,1,1,1,1
4,1,11,371,141,1,2,1500,5,3,2,2,1,3,2,1,31,1,1,3,3,1,1
4,2,6,218,77,1,2,1550,5,1,1,1,1,3,2,2,27,1,1,1,1,1,1
4,2,4,372,91,1,2,1600,5,2,2,1,1,3,2,3,33,1,1,1,1,1,1
4,2,3,373,95,1,2,1600,5,2,1,0,1,3,2,2,32,1,1,1,1,1,1
4,1,1,365,115,1,2,1400,5,2,1,1,1,3,2,3,30,1,1,1,1,1,1
4,2,6,334,125,1,2,1700,5,3,2,1,1,3,2,2,28,1,1,1,1,1,1
4,2,6,218,100,1,2,1800,5,2,1,1,1,3,2,2,27,1,1,1,1,1,1
4,2,6,329,99,1,1,1600,5,2,2,1,1,3,2,2,27,1,1,1,1,1,1
4,1,12,315,103,1,2,1400,5,2,2,1,1,3,2,1,33,1,1,1,1,1,1
4,2,6,198,126,1,2,1600,5,2,2,2,1,3,2,3,12,1,1,1,1,1,1
4,1,8,18,96,1,2,1400,4,3,2,1,1,12,2,2,7,2,3,1,1,1,1
4,2,6,374,140,1,2,1800,5,3,2,2,1,3,2,2,18,1,1,3,1,1,1
4,2,4,48,132,1,2,1600,5,3,2,2,1,3,2,2,24,2,1,3,3,3,3
4,2,4,166,46,1,1,1400,3,1,1,1,1,12,2,1,26,1,3,1,1,2,1
4,1,12,167,60,1,2,1200,3,1,0,0,1,24,2,2,27,1,3,1,1,2,1
4,1,8,304,100,1,2,1400,5,2,2,1,1,3,2,2,28,1,1,3,3,1,1
4,1,8,293,104,1,2,1400,5,3,2,1,1,3,2,1,31,1,1,3,3,1,1
4,2,4,375,105,1,2,1700,5,2,2,1,1,3,2,3,31,1,1,1,1,1,1
4,2,4,356,113,1,2,1900,5,3,2,1,1,3,2,3,6,2,1,1,1,1,1
4,2,6,218,100,1,2,1600,5,2,1,1,1,3,2,3,27,1,1,1,1,1,1
4,2,5,376,133,1,2,600,5,3,2,2,1,3,2,2,33,1,1,1,1,1,1
4,2,6,265,120,1,3,1800,5,3,2,1,1,3,3,3,7,2,1,3,3,3,3
4,2,6,113,84,1,4,1700,5,2,1,1,1,3,2,2,22,1,3,1,1,1,1
4,1,11,377,105,1,2,1400,3,2,1,1,1,12,2,3,6,2,1,1,1,1,2
4,1,8,290,110,1,2,1350,5,3,1,1,1,3,2,2,33,2,1,3,3,3,3
4,1,12,167,61,1,2,1198,5,1,0,1,1,3,2,3,25,1,1,1,1,2,1
4,2,4,166,46,1,2,1400,5,1,0,1,1,12,2,2,26,1,1,1,1,2,1
4,2,4,360,61,1,2,1750,5,1,1,1,1,3,2,3,21,1,1,3,3,1,1
4,1,12,167,73,1,2,1500,5,2,1,1,1,3,2,2,27,1,1,1,1,2,1
4,1,11,378,108,1,2,1400,3,2,2,1,1,12,2,3,6,2,1,1,1,1,1
4,1,1,379,96,1,2,1400,5,2,2,1,1,12,2,1,27,1,1,1,1,1,1
4,1,8,102,96,1,2,1350,3,2,2,2,1,24,2,1,6,2,1,3,3,1,1
4,1,7,380,124,1,2,1500,5,3,2,2,1,3,2,3,6,2,1,3,3,3,3
4,1,12,381,78,1,2,1500,5,2,2,1,1,3,2,3,6,2,1,1,1,1,1
4,1,8,228,125,1,2,1400,4,3,2,2,1,12,2,2,30,1,1,1,1,1,1
4,2,4,166,50,1,2,1600,5,1,1,1,1,3,2,2,26,1,1,1,1,2,1
4,1,12,324,48,1,2,1400,3,1,1,1,1,3,2,1,27,1,3,1,1,2,1
4,1,8,290,113,1,2,800,5,3,2,1,1,3,2,3,32,2,1,3,3,3,3
4,1,8,382,25,1,2,400,5,1,0,0,1,3,2,1,17,1,1,1,1,1,1
4,1,1,383,90,1,2,1400,5,2,2,1,1,3,2,3,7,2,1,1,1,1,1
4,2,3,99,74,1,1,1900,3,1,1,1,1,12,2,3,26,1,3,1,1,1,1
4,2,4,356,67,1,4,1600,5,1,1,1,1,3,2,3,26,1,1,1,1,1,1
4,1,8,384,92,1,2,1500,5,2,2,1,1,3,2,3,18,1,1,1,1,1,1
4,2,3,203,121,1,2,1800,3,3,2,1,1,24,2,2,7,2,1,1,1,1,1
4,2,4,199,102,1,2,1650,5,3,1,1,1,3,2,3,7,2,1,1,1,1,1
4,2,4,201,102,1,2,1800,4,2,1,1,1,12,2,3,6,2,3,1,1,1,1
4,1,8,100,125,1,1,1500,5,2,1,1,1,3,2,2,33,1,1,1,1,1,1
4,1,14,385,93,1,2,1500,5,2,2,1,1,3,2,1,6,2,1,3,3,1,1
4,2,4,207,106,1,2,1800,5,2,2,1,1,3,2,3,7,2,1,1,1,1,1
4,1,1,125,92,1,2,500,5,2,2,1,1,12,2,1,32,2,1,3,3,3,3
4,1,1,1,48,1,2,900,5,2,1,1,1,3,2,3,6,2,1,1,1,1,1
4,1,9,231,110,1,4,1400,3,2,1,1,1,12,2,1,19,1,1,1,1,1,1
4,2,3,386,98,1,2,900,5,2,2,1,1,3,2,3,7,2,1,3,3,3,3
4,2,5,387,60,1,2,650,5,2,1,1,1,3,2,3,6,2,1,1,1,1,1
4,2,5,220,86,1,2,1300,5,2,2,1,1,3,2,2,6,2,1,3,3,1,1
4,1,1,292,123,1,2,1400,5,2,2,1,20200801,3,2,2,16,1,1,1,1,1,1
4,1,8,388,143,1,2,800,3,3,2,2,1,3,2,1,24,1,3,1,1,1,1
4,1,1,308,135,1,2,1400,3,3,2,2,1,12,2,3,7,2,3,3,3,1,1
4,1,1,308,135,1,2,1500,5,3,2,2,1,3,2,1,7,2,1,1,1,1,1
4,1,12,324,50,1,2,1500,5,1,0,1,1,3,2,1,27,1,1,1,1,2,1
4,2,4,151,47,1,2,1700,3,1,1,1,1,12,2,2,18,2,1,3,3,1,1
4,1,11,161,97,1,2,1500,5,2,2,1,1,3,2,3,32,1,1,1,1,1,1
4,2,6,56,130,1,2,1600,3,3,2,2,1,36,2,2,7,2,3,1,1,1,1
4,1,8,389,77,1,3,1400,5,2,1,1,1,3,2,1,33,1,1,3,3,3,1
4,2,4,390,103,1,2,1600,5,2,2,1,1,3,2,2,7,2,1,1,1,1,1
4,2,4,166,49,1,4,1750,5,2,1,1,1,3,2,2,16,1,1,1,1,1,1
4,2,4,391,128,1,2,1700,5,3,2,2,1,3,2,3,6,2,1,3,3,1,1
4,2,4,375,133,1,2,1900,5,3,2,2,1,24,2,3,33,1,3,1,1,1,1
4,2,4,284,70,1,2,1600,5,2,1,1,1,3,2,3,7,2,1,1,1,1,1
4,1,7,58,16,1,4,400,3,1,0,1,1,12,2,1,24,1,1,1,1,1,1
4,2,4,392,118,1,2,1600,3,3,2,2,1,3,2,3,18,1,1,1,1,1,1
4,1,1,393,100,1,2,1500,5,2,2,1,1,3,2,2,28,1,1,3,3,1,1
4,2,4,151,47,1,2,1800,3,1,1,1,1,12,2,2,18,2,1,3,3,1,1
4,1,12,324,50,1,2,1500,3,1,1,1,1,12,2,2,27,1,1,1,1,2,1
4,1,11,394,103,1,2,1400,5,2,2,1,1,3,2,3,33,1,1,1,1,1,1
4,2,6,283,90,1,4,1600,5,3,2,1,1,3,2,3,20,1,1,1,1,1,1
4,1,8,54,140,1,2,1500,5,3,2,1,1,3,2,1,27,1,1,3,3,1,1
4,2,3,119,140,1,2,1600,5,3,2,2,1,3,2,1,6,2,1,3,3,1,1
4,2,3,238,100,1,2,1600,5,2,2,1,1,3,2,2,23,1,1,1,1,1,1
4,2,4,166,92,1,2,1800,5,2,1,1,1,3,2,2,24,1,1,1,1,1,1
4,2,6,113,86,1,1,1700,5,3,1,1,1,3,2,3,22,1,1,1,1,1,1
4,1,1,125,132,1,1,1400,5,3,2,2,1,3,2,1,32,2,1,3,3,3,3
4,2,4,395,110,1,3,1600,2,2,2,1,1,12,2,1,29,1,3,1,1,1,1
4,2,4,396,67,1,2,1900,5,2,1,1,1,3,2,3,18,1,1,1,1,1,1
4,2,4,281,109,1,4,1800,5,2,2,1,1,3,2,2,7,2,1,1,1,1,1
4,2,4,4,92,1,2,1600,5,2,2,1,1,12,2,2,28,2,1,1,1,1,1
4,2,4,390,98,1,2,1900,5,2,2,1,1,3,3,2,7,2,1,3,3,1,1
4,1,7,397,138,1,2,1500,5,3,2,2,1,3,2,2,7,2,1,3,3,1,1
4,1,8,290,120,1,2,1400,3,3,2,1,1,12,2,2,33,2,1,3,3,3,3
4,1,12,167,73,1,2,1400,4,2,1,1,1,12,2,2,27,1,3,1,1,1,1
4,1,12,55,98,1,2,1500,5,2,1,1,1,3,2,1,33,1,1,3,3,1,1
4,1,12,55,98,1,2,1400,5,2,2,1,1,3,2,2,33,1,1,3,3,1,1
4,2,4,24,120,1,1,1700,5,3,2,2,1,3,2,3,16,1,1,1,1,1,1
4,2,4,24,99,1,2,1600,5,2,2,2,1,3,2,2,16,1,1,1,1,1,1
4,2,3,398,81,1,2,1580,5,2,2,1,1,3,2,2,7,2,1,1,1,1,1
4,1,8,304,96,1,3,1500,3,2,2,1,1,12,2,2,28,1,1,1,1,1,1
4,2,4,399,84,1,1,1600,5,2,1,1,1,3,2,2,11,1,1,1,1,1,1
4,2,6,283,90,1,4,1600,5,3,2,1,1,3,2,3,20,1,1,1,1,1,1
4,1,8,54,140,1,2,1500,5,3,2,1,1,3,2,1,27,1,1,3,3,1,1
4,2,3,238,100,1,2,1600,5,2,2,1,1,3,2,2,23,1,1,1,1,1,1
4,2,4,166,92,1,2,1800,5,2,1,1,1,3,2,2,24,1,1,1,1,1,1
4,1,8,361,116,1,2,1400,5,2,2,2,1,3,2,1,6,2,1,1,1,1,1
4,1,8,18,126,1,2,1400,5,3,2,1,1,3,2,3,7,2,1,1,1,1,1
4,2,4,201,124,1,2,1600,5,3,2,1,1,3,2,3,6,2,1,3,3,1,1
4,2,6,311,114,1,2,1750,5,2,2,1,1,3,3,2,25,1,1,1,1,1,1
4,2,4,390,104,1,2,1680,5,2,2,1,1,3,2,3,6,2,1,3,3,1,2
4,1,8,228,138,1,2,1500,5,3,2,2,1,3,2,1,30,1,1,1,1,1,1
4,1,7,245,114,1,2,1500,5,3,2,1,1,3,2,1,6,2,1,3,3,1,1
4,1,1,292,120,3,2,1500,5,3,2,1,2,3,2,2,17,1,1,1,1,1,1
4,2,4,390,98,1,2,1900,5,2,2,1,1,3,3,2,7,2,1,3,3,1,1
4,1,7,397,138,1,2,1500,5,3,2,2,1,3,2,2,7,2,1,3,3,1,1
4,2,6,340,109,1,2,1600,5,2,1,2,1,3,2,2,18,1,1,1,1,1,1
4,1,8,290,120,1,2,1400,3,3,2,1,1,12,2,2,33,2,1,3,3,3,3
4,1,12,167,73,1,2,1400,4,2,1,1,1,12,2,2,27,1,3,1,1,1,1
4,2,3,400,178,1,2,1800,4,3,2,2,1,3,2,1,17,1,3,1,1,1,1
4,2,4,401,127,1,2,1700,5,2,2,1,1,3,2,2,7,2,1,1,1,1,1
4,1,1,296,98,1,2,1500,5,2,2,1,1,3,3,2,7,2,1,1,1,1,1
4,2,3,336,138,1,1,1850,5,2,2,1,1,3,2,2,28,1,1,3,3,1,1
4,2,4,281,130,1,2,1800,3,3,2,2,1,12,2,1,7,2,3,1,1,1,1
4,2,4,322,95,1,2,1600,5,2,1,1,1,3,2,2,33,1,1,1,1,1,1
4,2,4,367,84,1,2,1600,3,2,1,1,1,12,2,3,28,1,3,1,1,1,1
4,2,3,336,138,1,1,1850,5,2,2,1,1,3,2,2,28,1,1,3,3,1,1
4,2,4,367,84,1,2,1600,3,2,1,1,1,12,2,3,28,1,3,1,1,1,1
4,2,4,199,101,1,2,999,5,2,2,1,1,3,2,2,7,2,1,1,1,1,1
4,2,3,104,70,1,2,700,5,2,1,1,1,3,2,3,6,2,1,3,3,1,1
4,2,3,119,140,1,2,1650,5,3,2,2,1,3,2,1,6,2,1,3,3,1,1
4,2,6,56,160,1,2,1900,5,3,2,2,1,3,2,2,8,2,1,1,1,1,1
4,1,8,191,93,1,2,1500,3,2,2,1,1,12,2,3,33,1,3,3,3,1,1
4,2,6,363,102,1,2,1900,5,2,2,1,1,3,2,2,31,1,1,1,1,1,1
4,2,4,284,88,1,2,1600,5,2,1,1,1,12,2,3,6,2,1,3,3,1,1
4,1,12,55,94,1,2,1400,5,2,2,1,1,12,2,1,33,1,1,1,1,1,1
4,2,4,402,116,1,2,2100,5,3,2,2,1,3,2,1,34,1,1,3,3,1,1
4,2,4,166,45,1,2,1650,5,1,0,1,1,3,2,1,26,1,1,1,1,2,1
4,2,4,285,38,1,4,1000,5,1,0,1,1,3,2,3,25,1,1,1,1,1,1
4,1,9,216,96,1,2,1100,5,2,2,1,1,3,2,3,33,1,1,1,1,1,1
4,2,2,333,115,1,2,500,5,3,2,2,1,3,2,2,7,2,1,3,3,1,1
4,2,4,44,64,1,2,1000,5,2,1,1,1,3,2,3,6,2,1,3,3,1,1
4,1,7,327,132,1,2,700,3,3,2,2,1,12,2,1,33,1,1,1,1,1,1
4,2,4,392,96,1,2,1650,5,2,2,1,1,3,2,2,18,1,1,1,1,1,1
4,1,12,317,130,1,2,1500,5,2,2,1,1,3,2,3,7,2,1,1,1,1,1
4,1,7,173,95,1,2,1400,4,2,2,1,1,12,2,2,7,2,1,1,1,1,1
4,1,7,327,95,1,2,1500,5,2,1,1,1,3,2,1,33,1,1,1,1,1,1
4,2,4,207,96,1,2,1700,5,2,1,1,1,3,3,3,6,2,1,1,1,1,1
4,2,12,208,96,1,2,1800,5,2,2,1,1,3,2,2,6,2,1,1,1,1,1
4,2,4,207,75,1,2,1700,5,2,1,1,1,3,3,1,7,1,1,1,1,1,1
4,2,4,343,101,1,2,1800,5,3,2,1,1,3,2,1,9,1,1,3,3,1,1
4,1,6,403,55,1,1,750,5,2,1,1,1,3,2,3,8,2,1,3,3,3,3
4,2,5,404,60,1,2,600,5,2,2,1,20200731,3,2,2,7,2,1,1,1,1,1
4,2,12,208,106,1,2,800,3,3,2,2,1,12,2,3,11,2,3,1,3,1,1
4,1,6,405,80,1,2,650,5,3,1,1,1,3,2,3,7,2,1,1,1,2,3
4,1,12,55,122,1,2,1300,5,3,2,2,1,3,2,3,33,1,1,1,3,1,1
4,1,12,55,122,1,2,1300,5,3,2,2,1,3,2,3,33,1,1,1,3,1,1
4,1,8,406,50,1,4,550,3,2,1,1,1,12,2,2,5,2,1,3,3,1,1
4,2,2,2,53,1,2,650,3,1,1,1,1,12,2,3,18,1,3,3,3,1,1
4,1,1,7,52,1,3,700,5,2,1,1,1,3,2,2,7,2,1,1,1,1,1
4,1,8,304,137,1,2,1400,5,3,2,2,1,3,2,3,28,1,1,1,1,1,1
4,1,11,319,99,1,2,1500,5,2,2,1,1,3,2,3,33,1,1,1,1,1,1
4,1,11,319,99,1,2,1500,5,2,2,1,1,3,2,1,33,1,1,1,1,1,1
4,2,3,194,115,1,2,1600,5,3,2,1,1,3,2,3,6,2,1,3,3,1,1
4,1,12,317,110,1,2,1500,5,2,2,1,1,3,2,3,7,2,1,1,1,1,1
4,2,4,279,83,1,2,1700,5,2,2,1,1,3,2,2,18,1,1,1,1,1,1
4,1,6,146,108,1,2,1400,5,2,2,1,1,3,2,1,7,2,1,3,3,3,3
4,2,4,27,90,1,2,1800,5,2,2,1,1,3,2,3,6,2,1,3,3,1,1
4,2,6,407,130,1,1,1800,5,3,2,2,1,3,2,2,20,1,1,3,3,1,1
4,1,1,125,94,1,1,1000,5,2,2,1,1,3,2,3,32,2,1,3,3,3,3
4,2,3,192,95,1,1,1900,5,2,1,1,1,3,2,3,22,1,1,1,1,1,1
4,2,6,329,101,1,2,1750,3,2,2,1,1,12,2,3,27,1,3,1,1,1,1
4,2,4,396,101,1,1,1600,5,2,2,1,1,3,2,3,26,1,1,1,1,1,1
4,1,1,256,110,1,2,1500,5,2,1,1,1,3,2,2,28,1,1,3,3,1,1
4,1,11,122,92,1,2,1500,5,2,2,1,1,3,2,2,7,2,1,1,1,1,1
4,1,11,186,80,1,2,1500,5,2,1,1,1,3,2,2,7,2,1,1,1,1,1
4,2,2,50,100,1,2,1600,5,2,2,1,1,12,2,2,7,2,1,1,1,1,1
4,2,6,218,85,1,2,1600,5,2,2,1,1,3,2,2,27,1,1,1,1,1,1
4,2,4,284,86,1,2,1700,5,2,2,1,1,24,2,1,26,1,1,1,1,1,1
4,1,8,90,170,1,3,1500,5,4,2,2,1,3,2,1,32,2,1,3,3,1,1
4,2,4,207,100,1,2,1700,5,2,2,1,1,3,2,3,7,1,1,3,3,1,1
4,1,11,408,93,1,2,1500,3,2,1,1,1,24,2,3,13,1,3,1,1,1,1
4,2,12,208,97,1,2,1600,5,2,2,1,1,3,2,1,11,2,1,1,3,1,1
4,2,6,112,88,1,1,1700,5,2,1,1,1,3,2,2,30,1,1,1,1,1,1
4,2,4,409,110,1,2,1800,5,2,2,2,1,3,2,2,24,1,1,1,1,1,1
4,2,4,72,80,1,2,1600,5,2,1,1,1,3,2,3,18,1,1,1,1,1,1
4,1,8,304,102,1,2,1500,4,2,2,1,1,12,2,3,28,1,1,1,1,1,1
4,2,4,284,90,1,2,1600,5,2,2,1,1,3,2,3,7,2,1,3,3,1,1
4,2,2,312,89,1,2,1750,5,2,2,1,1,3,2,2,32,2,1,3,3,1,3
4,1,8,410,99,1,2,1400,3,2,1,1,1,12,2,3,18,1,3,1,1,1,1
4,1,8,388,112,1,2,1500,5,2,2,1,1,3,2,3,24,1,1,1,1,1,1
4,1,1,292,120,1,2,1480,5,3,2,1,1,3,2,1,6,2,1,1,1,1,1
4,2,4,279,108,1,2,1900,5,3,2,1,1,3,2,2,18,1,1,1,1,1,1
4,1,12,55,90,1,2,1400,5,2,1,1,1,3,2,1,33,1,1,1,3,1,1
4,2,4,359,108,1,2,1800,5,2,1,2,1,12,2,2,8,1,3,1,1,1,1
4,2,4,390,86,1,2,1600,3,2,2,1,1,12,2,2,7,2,1,3,3,1,1
4,2,4,320,103,1,2,1700,5,2,1,1,1,3,3,2,6,2,1,1,1,1,1
4,2,4,411,95,1,4,1800,5,2,1,1,1,3,2,2,26,1,1,3,3,1,1
4,1,11,319,99,1,2,1500,5,2,2,1,1,3,2,3,33,1,1,1,1,1,1
4,1,11,319,99,1,2,1500,5,2,2,1,1,3,2,1,33,1,1,1,1,1,1
4,2,3,302,107,1,1,1800,3,2,1,1,1,24,2,3,25,2,1,1,1,1,1
4,2,6,329,101,1,2,1750,3,2,2,1,1,12,2,3,27,1,3,1,1,1,1
4,1,12,331,92,1,2,1350,3,2,2,1,1,24,2,3,24,1,3,1,1,1,1
4,1,1,125,94,1,1,1000,5,2,2,1,1,3,2,3,32,2,1,3,3,3,3
4,1,11,122,92,1,2,1500,5,2,2,1,1,3,2,2,7,2,1,1,1,1,1
4,1,11,186,80,1,2,1500,5,2,1,1,1,3,2,2,7,2,1,1,1,1,1
4,2,4,359,101,1,2,1800,5,2,2,1,1,3,2,3,7,2,1,1,1,1,1
4,2,2,213,85,1,2,1800,5,2,1,1,1,3,2,2,33,1,1,1,1,1,1
4,1,11,412,117,1,2,1500,5,2,2,1,1,3,2,3,14,1,1,1,1,1,1
4,1,11,408,93,1,2,1500,3,2,1,1,1,24,2,3,13,1,3,1,1,1,1
4,2,4,409,110,1,2,1800,5,2,2,2,1,3,2,2,24,1,1,1,1,1,1
4,2,6,112,88,1,1,1700,5,2,1,1,1,3,2,2,30,1,1,1,1,1,1
4,2,6,413,141,1,1,1800,2,3,2,1,1,12,2,1,7,2,1,3,3,1,1
4,2,4,391,107,1,2,1900,5,2,1,1,1,3,3,1,24,1,1,1,1,1,1
4,2,2,312,125,1,3,1750,5,3,2,1,1,3,2,3,32,1,1,1,1,1,1
4,2,4,201,117,1,3,1800,5,2,2,1,1,3,2,3,7,2,1,3,3,1,1
4,2,4,201,117,1,3,1800,5,2,2,1,1,3,2,3,7,2,1,3,3,1,1
4,1,11,394,93,1,2,1500,3,2,1,1,1,24,2,3,33,1,1,1,1,1,1
4,2,4,391,106,1,2,1800,5,2,2,1,1,3,2,3,18,1,1,1,1,1,1
4,2,4,171,96,1,2,1800,5,3,1,1,1,12,2,3,6,2,1,1,1,1,1
4,2,3,119,140,1,1,1650,5,3,2,1,1,3,2,1,6,2,1,3,3,1,1
4,2,6,218,100,1,2,1600,5,2,1,1,1,3,2,1,27,1,1,1,1,1,1
4,2,4,414,90,1,2,1800,5,2,2,1,1,3,2,1,11,1,1,1,1,1,1
4,2,4,355,90,1,2,1800,5,2,1,1,1,3,2,3,6,2,1,1,1,1,1
4,2,6,218,105,1,2,1900,5,2,1,1,1,12,2,1,27,1,1,1,1,1,1
4,1,8,415,134,1,1,1500,5,3,2,2,1,3,2,3,7,2,1,3,3,1,1
4,1,12,317,110,1,2,1500,5,2,2,1,1,3,2,3,7,2,1,1,1,1,1
4,2,4,279,83,1,2,1700,5,2,2,1,1,3,2,2,18,1,1,1,1,1,1
4,1,6,146,108,1,2,1400,5,2,2,1,1,3,2,1,7,2,1,3,3,3,3
4,2,4,27,90,1,2,1800,5,2,2,1,1,3,2,3,6,2,1,3,3,1,1
4,2,6,407,130,1,1,1800,5,3,2,2,1,3,2,2,20,1,1,3,3,1,1
4,2,3,302,115,1,2,1800,5,2,2,2,1,3,2,2,25,1,1,1,1,1,1
4,2,6,329,101,1,2,1750,3,2,2,1,1,12,2,3,27,1,3,1,1,1,1
4,1,12,331,92,1,2,1350,3,2,2,1,1,24,2,3,24,1,3,1,1,1,1
4,1,8,304,137,1,2,1400,5,3,2,2,1,3,2,3,28,1,1,1,1,1,1
4,1,12,331,93,1,2,1350,5,2,1,1,1,12,2,3,24,1,1,1,1,1,1
4,2,4,390,98,1,2,1900,5,2,2,1,1,3,2,2,7,2,1,3,3,1,1
4,2,6,310,130,1,3,1900,5,3,2,2,1,12,2,1,26,1,1,1,1,1,1
4,2,4,401,119,1,2,1800,5,2,2,1,1,3,2,1,13,1,1,3,3,1,1
4,1,8,54,91,1,3,1500,5,2,2,1,1,3,2,3,27,1,1,3,3,1,1
4,2,4,279,108,1,2,1750,5,3,2,1,1,3,2,1,18,2,1,1,1,1,1
4,2,4,416,149,1,2,1750,5,4,2,2,1,3,2,2,6,2,1,3,3,1,1
4,1,1,264,91,1,2,1400,5,2,2,1,1,3,3,2,7,2,1,1,3,1,1
4,1,7,417,189,1,2,2500,5,5,3,2,1,3,2,1,7,2,1,1,1,1,1
4,2,6,136,152,1,2,1600,5,3,2,2,1,3,2,3,7,2,1,1,3,1,1
4,2,6,132,53,1,4,650,5,2,1,1,1,3,2,2,7,2,1,1,1,1,1
4,1,1,63,46,1,2,700,5,1,1,1,1,3,2,2,5,2,1,1,1,1,1
4,1,1,1,42,1,2,400,5,2,1,0,1,3,2,3,4,2,1,3,3,1,2
4,2,2,29,53,1,2,1600,5,1,1,1,1,3,2,1,28,1,1,1,1,1,1
4,2,4,375,100,1,2,800,5,2,2,2,1,24,2,1,31,1,1,1,1,1,1
4,1,14,418,55,1,2,800,5,2,1,1,1,3,2,3,7,2,1,1,3,1,1
4,2,10,419,55,1,2,700,5,2,1,1,1,3,2,3,5,2,1,3,3,1,1
4,2,2,2,54,1,2,900,5,1,1,1,1,3,2,2,18,1,1,1,1,1,1
4,2,6,8,55,1,2,500,2,3,0,1,1,3,2,2,5,2,1,3,3,1,1
4,1,1,141,56,1,2,700,5,1,1,1,1,3,2,2,17,1,1,3,3,1,1
4,2,3,88,73,1,2,800,5,2,1,1,1,3,3,2,7,2,1,1,1,1,1
4,2,3,142,100,1,2,1000,3,2,2,1,1,12,2,1,7,2,1,1,1,1,1
4,2,3,238,253,1,1,4800,5,5,3,3,1,24,2,3,23,1,1,1,1,1,1
4,2,4,24,148,1,1,1600,5,3,1,2,1,3,2,3,16,1,1,1,1,1,1
4,2,4,166,120,1,2,1600,5,2,2,2,1,3,2,1,16,1,1,1,1,1,1
4,1,12,167,73,1,4,1500,3,2,1,1,1,12,2,1,25,1,3,1,1,2,1
4,2,4,166,44,1,2,1800,5,2,1,1,1,3,2,3,16,1,1,1,1,1,1
4,2,4,24,128,1,2,1800,5,3,2,2,1,3,2,3,16,1,1,1,1,1,1
4,1,12,167,73,1,2,1500,5,2,1,1,1,3,2,2,26,1,1,1,1,1,1
4,1,12,167,73,1,2,1400,5,2,1,1,1,3,2,2,27,1,1,1,1,2,1
4,2,4,166,102,1,2,1650,5,2,2,1,1,3,2,2,16,1,1,1,1,1,1
4,1,7,364,115,1,2,2000,5,3,2,1,1,3,2,2,5,2,3,3,3,1,1
4,1,12,420,133,1,3,1700,5,2,2,1,1,3,2,3,34,2,1,3,3,3,3
4,1,8,361,136,1,2,1800,5,3,2,1,1,3,2,3,18,2,1,3,3,1,1
4,1,1,365,112,1,2,1800,5,2,1,1,1,3,3,3,30,1,1,1,1,1,1
4,2,6,329,110,1,2,2000,5,2,2,2,1,3,2,3,31,1,1,1,1,1,1
4,2,6,421,95,1,2,1200,5,2,1,1,1,3,3,2,7,2,1,1,1,1,1
4,2,4,422,185,1,3,2500,5,4,2,2,1,3,2,3,3,2,1,3,3,3,3
4,1,9,231,60,1,2,1000,5,2,1,2,1,3,2,3,19,1,1,1,1,1,1
4,1,1,423,65,1,2,750,5,2,1,1,1,3,2,1,7,2,1,1,1,1,1
4,2,3,424,60,1,2,1000,5,2,1,1,20200801,3,2,1,7,1,1,1,1,1,1
4,2,6,425,143,1,3,1800,3,3,2,2,1,12,2,2,18,2,1,3,3,3,1
4,2,4,294,98,1,2,1800,5,2,2,1,1,3,2,2,7,2,1,1,1,1,1
4,2,12,208,82,1,2,1600,5,2,1,1,1,24,2,2,7,2,3,3,3,1,1
4,2,6,425,140,1,2,2600,5,3,2,2,1,3,2,1,18,2,1,1,1,3,1
4,1,11,161,100,1,3,2300,4,3,2,1,1,12,2,2,32,1,3,1,1,1,1
4,2,4,328,120,1,2,2500,5,3,2,1,1,3,3,2,6,2,1,3,3,1,1
4,2,4,359,193,1,2,2600,5,3,2,2,1,3,4,1,7,2,1,1,1,1,1
4,1,15,426,125,1,2,6200,5,1,0,0,1,3,2,3,18,2,1,3,3,1,1
4,1,9,427,42,1,3,500,3,2,1,1,1,3,2,2,5,2,1,3,3,3,3
4,1,1,25,40,1,2,500,5,1,1,1,1,3,2,2,7,2,1,1,1,1,1
4,1,1,95,48,1,2,500,5,2,1,1,1,3,2,3,5,2,1,3,3,1,1
4,1,1,158,50,1,2,550,5,2,1,1,1,3,2,1,5,2,1,1,1,1,1
4,2,2,2,53,1,2,900,5,1,1,1,1,3,2,3,30,1,1,3,3,1,1
4,2,3,22,53,1,2,700,5,2,1,1,1,3,2,3,6,2,1,3,3,1,1
4,1,12,324,50,1,4,1500,5,1,1,1,1,3,2,3,27,1,1,1,1,2,1
4,2,3,341,83,1,2,1000,5,2,1,1,1,3,2,3,7,2,1,1,1,1,1
4,1,7,244,59,1,1,600,5,2,1,1,1,3,2,3,5,2,1,3,1,1,1
4,1,9,428,57,1,2,650,2,2,1,1,1,12,2,3,6,2,1,1,1,1,1
4,1,8,87,64,1,2,650,3,2,1,1,1,24,2,3,6,2,1,3,3,1,1
4,1,1,25,72,1,2,800,5,2,1,1,1,3,2,3,7,2,1,3,3,1,1
4,1,8,117,70,1,2,800,5,2,2,1,1,3,2,3,7,2,1,3,3,1,1
4,2,3,103,95,1,2,1000,5,2,2,1,1,3,2,2,7,2,1,1,1,1,1
4,2,5,33,60,1,2,700,5,2,1,1,1,3,2,2,5,2,1,3,3,3,3
4,1,1,141,67,1,2,650,5,2,1,1,1,3,2,3,6,2,1,3,3,1,1
4,1,8,429,73,1,2,800,3,2,2,1,1,12,2,1,7,2,1,1,1,1,1
4,1,1,430,80,1,2,700,5,2,1,1,1,3,2,3,6,2,1,3,3,1,1
4,1,12,323,40,1,2,1400,5,1,1,1,1,3,2,2,17,1,1,3,3,3,1
4,2,4,360,48,1,3,1600,5,1,1,1,1,3,2,2,21,1,1,3,3,1,1
4,1,12,324,45,1,2,1500,5,1,1,1,1,3,3,3,27,1,1,1,1,2,1
4,2,4,431,96,1,2,2500,3,2,2,1,1,24,2,3,26,1,3,1,1,1,1
4,2,4,431,96,1,2,2500,3,2,2,1,1,24,2,3,26,1,3,1,1,1,1
4,1,1,1,52,1,2,750,5,2,1,1,1,3,2,3,6,2,1,1,1,1,1
4,1,1,7,53,1,2,700,5,2,1,1,1,3,2,3,7,2,1,1,1,1,1
4,2,6,6,42,1,1,600,5,2,1,1,1,3,2,2,7,2,1,1,1,1,1
4,2,4,166,130,1,2,2100,4,3,2,2,1,12,2,2,5,2,3,1,1,1,1
4,2,4,237,57,1,2,1700,5,1,0,1,1,3,2,2,27,1,1,1,1,1,1
4,1,1,96,59,1,2,700,3,2,1,1,1,12,2,3,7,2,3,1,1,1,1
4,2,3,432,70,1,2,800,5,2,1,1,1,3,2,3,5,2,1,3,3,1,1
4,2,6,329,131,1,3,2000,5,2,2,2,1,3,2,2,31,1,1,1,1,1,1
4,2,4,166,52,1,2,1600,5,1,1,1,1,3,2,2,18,1,1,1,1,1,1
4,2,4,151,47,1,2,1700,2,1,1,1,1,12,2,2,18,2,3,3,3,1,1
4,2,4,396,67,1,2,1800,5,1,1,1,1,3,2,3,18,1,1,1,1,1,1
4,1,12,324,50,1,1,1500,3,1,1,1,1,12,2,1,27,1,1,1,1,2,1
4,1,1,133,50,1,2,460,5,1,1,1,1,3,2,2,5,2,1,3,1,1,1
4,2,3,99,78,1,4,1600,3,1,1,1,1,12,2,2,26,1,1,1,1,1,1
4,2,4,24,74,1,2,1000,5,2,1,1,1,3,2,1,18,1,1,3,3,1,1
4,2,4,343,96,1,2,1000,5,3,2,1,1,3,2,1,11,1,1,3,3,1,1
4,2,6,6,71,1,2,1000,5,2,1,1,1,3,2,2,7,2,1,1,1,1,1
4,1,11,184,140,1,2,2300,5,2,2,2,1,3,2,3,33,1,1,1,1,1,1
4,1,7,364,98,1,2,2000,5,2,1,1,1,3,2,1,18,1,1,1,1,1,1
4,2,3,99,83,1,2,2000,3,2,1,1,1,36,2,1,26,1,1,1,1,1,1
4,2,4,237,57,1,2,2700,5,2,1,1,1,3,2,2,25,1,1,1,2,1,1
4,2,3,254,235,1,2,3000,5,4,2,3,1,3,2,1,7,2,1,1,1,1,1
4,1,12,167,70,1,1,1700,3,2,1,2,1,12,2,2,26,1,1,1,1,1,1
4,2,3,433,155,1,2,2500,3,3,2,2,1,12,2,3,12,1,3,1,1,1,1
4,2,6,329,94,1,2,2000,5,2,2,1,1,3,3,3,27,1,1,1,1,1,1
4,1,12,323,50,1,2,1500,5,1,1,1,1,3,3,2,17,1,1,3,3,3,1
4,2,4,360,42,1,2,1600,5,1,1,1,1,3,2,3,21,1,1,3,3,1,1
4,2,4,237,54,1,2,1550,5,1,1,1,1,12,2,2,25,1,3,1,2,1,1
4,2,4,237,60,1,2,1800,5,1,1,1,1,3,2,2,25,1,1,1,2,1,1
4,1,12,323,50,1,2,1500,5,1,1,1,1,3,3,2,17,1,1,3,3,3,1
4,2,4,360,48,1,3,1600,5,1,1,1,1,3,2,2,21,1,1,3,3,1,1
4,2,4,237,54,1,2,1550,5,1,1,1,1,12,2,2,25,1,3,1,2,1,1
4,2,4,151,47,1,2,1800,5,1,1,1,1,3,2,2,18,2,1,3,3,1,1
4,1,12,323,41,1,2,1500,5,1,1,1,1,3,2,3,17,1,1,3,3,3,1
4,2,4,360,69,1,2,1800,5,1,1,1,1,3,2,2,21,1,1,3,3,1,1
4,1,11,434,150,1,2,1600,5,3,2,2,1,3,2,3,6,2,1,1,1,1,1
4,2,4,391,106,1,2,2000,5,3,2,2,1,24,2,3,6,2,1,1,1,1,1
4,2,2,195,179,1,2,2300,5,3,2,1,1,3,2,2,16,2,1,3,3,1,1
4,2,4,285,87,1,2,2200,5,2,2,1,1,3,2,2,25,1,1,1,1,1,1
4,2,2,435,91,1,2,2400,5,2,1,1,1,3,2,3,21,2,1,3,3,3,3
4,2,4,436,93,1,2,2000,5,2,2,1,1,3,2,2,11,1,1,1,1,1,1
4,2,4,285,90,1,4,2200,5,2,1,1,1,3,2,2,25,1,1,1,1,1,1
4,1,8,191,123,1,2,1600,5,3,2,1,1,3,2,2,33,1,1,3,3,1,1
4,2,4,284,135,1,2,2000,5,3,2,2,1,3,2,3,7,1,1,1,1,1,1
4,1,1,125,94,1,1,2000,5,2,2,1,1,3,2,1,32,2,1,3,3,3,3
4,1,1,125,96,1,3,1600,5,2,1,1,1,3,2,2,32,2,1,3,3,3,3
4,2,3,248,139,1,2,1999,5,3,2,1,1,3,2,1,7,2,1,1,1,1,1
4,1,11,434,118,1,2,1690,5,3,2,1,1,3,2,3,7,2,1,3,3,1,1
4,2,4,237,110,1,4,2400,5,2,2,1,1,3,2,2,27,1,1,1,1,1,1
4,2,12,208,118,1,2,2600,3,4,2,2,1,12,2,3,32,1,1,3,1,1,1
4,2,4,166,56,1,2,2100,4,2,1,2,1,12,2,2,16,1,1,1,1,1,1
4,2,3,99,125,1,2,2000,3,3,2,2,1,12,2,3,26,1,3,1,1,1,1
4,1,8,191,123,1,2,1600,5,3,2,1,1,3,2,2,33,1,1,3,3,1,1
4,2,4,285,88,1,2,2200,5,2,1,1,1,3,2,2,25,1,1,1,1,1,1
4,2,4,285,130,1,2,4500,5,2,2,1,1,3,2,3,25,1,1,1,1,1,1
4,1,11,288,117,1,1,1900,5,2,2,2,1,3,2,2,30,1,1,1,1,1,1
4,2,6,136,120,1,2,1200,5,2,2,2,1,3,2,3,7,2,1,1,1,1,1
4,2,6,374,56,1,2,1700,5,1,0,1,1,3,2,2,25,1,1,1,1,1,1
4,1,1,437,56,1,2,1500,5,1,1,1,1,3,2,2,29,1,1,3,3,1,1
4,2,4,375,138,1,2,2500,5,3,1,2,1,3,2,3,30,1,1,1,1,1,1
4,2,2,438,168,1,2,2000,5,3,2,2,1,3,2,2,33,1,1,1,1,1,1
4,2,4,396,67,1,2,1600,3,1,1,1,1,12,2,1,18,1,1,1,1,1,1
4,1,12,324,50,1,1,1400,3,1,1,1,1,12,2,2,27,1,1,1,1,2,1
4,2,3,99,93,1,2,1800,5,1,1,1,1,3,2,1,26,1,1,1,1,1,1
4,2,3,99,73,1,1,1700,5,2,1,1,1,3,2,3,26,1,1,1,1,1,1
4,2,3,99,73,1,4,1550,5,1,1,1,1,3,2,2,26,1,1,1,1,1,1
4,1,12,167,55,1,1,1500,3,1,1,1,1,12,2,3,27,1,1,1,1,2,1
4,2,4,166,47,1,2,1600,5,2,2,2,1,3,2,2,26,1,1,1,1,2,1
4,2,6,374,70,1,2,1600,5,1,0,1,1,3,2,2,25,1,1,1,1,1,1
4,1,11,319,138,1,2,1800,5,3,2,2,1,3,2,2,33,1,1,1,1,1,1
4,1,11,319,138,1,2,2000,5,3,2,2,1,3,2,1,33,1,1,1,1,1,1
4,2,3,99,92,1,2,1600,3,1,1,1,1,12,2,1,26,1,3,1,1,1,1
4,2,3,99,61,1,1,1600,3,1,1,1,1,12,2,2,26,1,1,1,1,1,1
4,2,4,24,70,1,1,1300,5,2,1,1,1,3,2,1,18,1,1,1,1,1,1
4,2,6,329,94,1,3,2000,5,2,2,1,1,3,3,2,27,1,1,1,1,1,1
4,2,6,229,80,1,2,1000,5,2,1,1,1,3,2,3,18,2,1,1,1,1,1
4,2,3,139,78,1,4,900,5,2,2,1,1,3,2,3,7,2,1,1,1,1,1
4,1,8,247,128,1,2,1700,5,3,2,2,1,3,2,3,6,2,1,3,3,1,1
4,2,4,360,40,1,3,1600,3,1,1,1,1,24,2,3,21,1,3,3,3,1,1
4,1,7,397,131,1,2,2000,5,3,2,2,1,3,3,1,6,2,1,1,1,1,1
4,2,6,329,102,1,2,2000,5,2,1,1,1,3,2,1,27,1,1,1,1,1,1
4,1,12,167,60,1,2,1600,5,1,1,1,1,3,2,3,27,1,1,1,1,1,1
4,2,4,166,180,1,2,3000,5,5,2,2,1,3,2,3,6,2,1,1,1,1,1
4,1,11,439,109,1,2,1600,4,2,1,1,1,24,2,2,18,1,3,1,1,1,1
4,2,4,343,128,1,2,2400,4,3,2,2,1,36,2,2,7,2,3,1,1,1,1
4,1,1,440,94,1,1,1600,5,2,2,1,1,3,2,2,33,1,1,1,1,1,1
4,1,7,441,131,1,2,2000,4,3,2,2,20200808,36,2,3,15,1,1,1,1,1,1
4,2,4,207,138,1,2,2500,3,4,2,2,1,12,2,2,6,2,1,3,3,1,1
4,1,7,441,131,1,2,2000,4,3,2,2,20200808,36,2,3,15,1,1,1,1,1,1
4,1,8,54,90,1,2,1000,5,2,2,1,1,3,2,1,22,1,1,1,1,1,1
4,2,10,172,101,1,2,1100,5,2,2,1,1,3,2,3,6,2,1,1,1,1,1
4,2,4,24,93,1,2,1250,5,2,1,2,1,3,2,1,16,1,1,1,1,1,1
4,1,12,324,60,1,1,1500,5,1,1,1,1,3,2,2,27,1,1,1,1,2,1
4,1,12,167,52,1,2,1400,5,1,0,1,1,3,2,3,25,1,1,1,1,2,1
4,1,1,442,55,1,1,1700,5,1,0,1,1,3,2,3,23,1,1,3,3,3,3
4,2,4,151,84,1,2,1100,3,2,2,1,1,3,2,1,31,1,1,1,1,1,1
4,2,3,443,91,1,2,1100,5,2,2,1,1,3,2,3,7,2,1,1,3,1,1
4,1,1,256,110,1,2,1100,5,2,2,2,1,3,2,1,28,1,1,3,3,1,1
4,2,4,396,128,1,2,3000,2,3,2,2,1,12,2,3,26,1,3,1,1,1,1
4,2,3,271,140,1,2,1300,5,3,2,2,1,3,2,2,6,2,1,3,1,1,1
4,2,6,421,95,1,2,1200,5,2,1,1,1,3,2,2,7,2,1,1,1,1,1
4,2,3,107,50,1,1,500,5,1,1,1,1,3,2,3,5,2,1,3,3,1,1
4,1,1,1,146,1,2,1700,5,3,2,2,1,3,2,3,5,2,1,3,3,1,1
4,1,9,444,62,1,2,1000,5,1,1,1,1,3,2,1,24,1,1,3,3,1,1
4,2,3,84,99,1,2,1000,5,3,2,1,1,3,2,3,7,2,1,3,3,1,3
4,1,1,17,65,1,2,700,5,2,1,1,1,3,2,2,7,2,1,1,1,1,1
4,1,7,32,60,1,2,650,5,2,1,1,1,3,2,2,7,2,1,1,1,1,1
4,1,7,445,125,1,2,900,3,3,2,2,1,12,2,2,33,1,3,1,1,1,1
4,1,7,58,90,1,3,1000,5,2,2,1,1,3,2,3,26,1,1,1,1,2,1
4,1,6,446,50,1,1,1000,5,2,1,1,1,3,2,2,5,2,1,1,1,1,1
4,2,6,447,99,1,2,1000,5,2,1,1,1,3,2,2,7,2,1,3,3,3,1
4,2,4,171,36,1,2,1000,5,1,0,1,1,3,2,2,6,2,1,1,1,1,1
4,1,1,448,60,1,2,600,5,2,1,1,1,3,2,3,7,2,1,3,3,3,3
4,1,12,381,124,1,2,2000,4,2,2,1,1,12,2,2,18,1,3,1,1,1,1
4,1,11,299,108,1,2,2000,3,2,2,1,1,12,2,3,18,1,1,1,1,1,1
4,1,1,262,146,1,2,1600,5,3,2,2,1,3,2,2,7,2,1,1,1,1,1
4,1,12,315,93,1,2,1600,4,2,2,1,1,12,2,1,18,1,3,1,1,1,1
4,1,11,299,121,1,1,1700,3,3,2,2,1,12,2,2,7,2,3,1,1,1,1
4,2,4,369,266,1,2,5000,5,6,2,4,1,3,2,3,24,1,1,1,1,1,1
4,2,4,285,80,1,2,2300,3,1,0,1,1,24,2,1,25,1,1,1,1,1,1
4,2,3,238,148,1,2,2600,5,4,2,2,1,3,2,3,23,1,1,1,1,1,1
4,2,3,238,145,1,3,2400,5,5,1,2,1,3,2,2,23,1,1,1,1,1,1
4,1,12,420,110,1,2,1800,5,3,2,1,1,3,2,3,34,2,1,3,3,3,3
4,2,4,449,118,1,2,3000,5,2,2,1,1,3,2,2,18,1,1,1,1,1,1
4,2,4,450,149,1,2,2300,5,3,2,2,1,3,2,3,6,2,1,1,1,1,1
4,1,11,371,124,1,2,2000,3,2,1,1,1,12,2,2,31,1,1,1,1,1,1
4,2,3,400,203,1,1,2500,2,4,3,2,1,12,2,2,17,1,3,1,1,1,1
4,1,8,228,140,1,2,2000,4,3,2,2,1,12,2,1,30,1,1,1,1,1,1
4,1,8,18,80,1,2,1550,3,2,2,1,1,12,2,1,7,2,1,1,1,1,1
4,2,3,451,120,1,2,2100,5,3,2,2,1,3,2,2,18,1,1,1,1,1,1
4,2,4,452,151,1,2,2000,5,3,2,2,1,3,2,2,7,2,1,2,2,1,1
4,2,3,49,123,1,2,2000,5,3,2,1,1,3,2,3,33,1,3,1,1,1,1
4,1,1,141,150,1,2,1600,5,3,2,2,1,12,2,3,6,2,1,3,3,1,1
4,2,4,284,135,1,2,2000,5,3,2,2,1,3,4,2,22,1,1,1,1,1,1
4,2,6,363,133,1,2,2000,5,3,2,1,1,3,2,3,31,1,1,1,1,1,1
4,1,11,453,125,1,2,1750,3,2,2,1,1,24,2,2,6,2,1,1,1,1,1
4,1,11,439,153,1,2,2400,5,3,2,2,1,3,2,1,13,1,1,3,3,1,1
4,2,4,454,130,1,2,2000,5,3,2,2,1,3,2,1,31,2,1,3,3,3,3
4,2,2,29,143,1,1,2300,5,3,2,2,1,3,2,2,32,1,1,1,1,1,1
4,2,3,227,137,1,2,2000,3,3,2,2,1,12,2,2,15,1,1,1,1,1,1
4,2,3,455,151,1,2,2000,5,3,2,2,1,3,2,2,13,1,1,1,1,1,1
4,1,11,371,203,1,2,4000,5,4,2,1,1,3,2,2,31,1,1,1,1,1,1
4,1,6,316,83,1,2,1600,5,2,1,1,1,3,2,3,18,1,1,1,1,1,1
4,2,2,456,1154,1,2,35000,5,6,4,4,1,3,2,1,2,2,1,3,3,3,3
4,2,4,401,127,1,1,2000,5,2,2,1,1,3,2,1,13,1,1,3,3,1,1
4,2,4,391,130,1,2,2200,5,4,2,2,1,3,4,3,6,2,1,3,3,1,1
4,1,11,299,128,1,1,2000,5,3,2,2,1,3,2,3,16,1,1,2,2,1,1
4,1,8,370,130,1,2,1600,5,3,2,1,1,3,2,1,7,2,1,1,1,1,1
4,2,4,207,138,1,2,2200,5,3,2,2,1,3,2,3,6,2,1,3,3,1,1
4,1,11,299,108,1,2,1600,2,2,2,1,1,3,2,3,18,1,1,1,1,1,1
4,1,12,55,90,1,2,1650,5,2,2,1,1,3,2,3,33,1,1,3,1,1,1
4,2,2,456,1154,1,2,35000,5,6,4,4,1,3,2,1,2,2,1,3,3,3,3
4,2,4,391,130,1,2,2200,5,4,2,2,1,3,4,3,6,2,1,3,3,1,1
4,1,8,228,140,1,2,2000,4,3,2,2,1,12,2,1,30,1,1,1,1,1,1
4,2,4,452,151,1,2,2000,5,3,2,2,1,3,2,2,7,2,1,2,2,1,1
4,2,3,49,123,1,2,2000,5,3,2,1,1,3,2,3,33,1,3,1,1,1,1
4,1,1,141,150,1,2,1600,5,3,2,2,1,12,2,3,6,2,1,3,3,1,1
4,2,4,284,135,1,2,2000,5,3,2,2,1,3,4,2,22,1,1,1,1,1,1
4,1,11,299,128,1,1,2000,5,3,2,2,1,3,2,3,16,1,1,2,2,1,1
4,1,8,370,130,1,2,1600,5,3,2,1,1,3,2,1,7,2,1,1,1,1,1
4,1,8,176,139,1,2,1600,5,3,2,2,1,3,2,2,5,2,1,3,3,1,1
4,1,11,394,91,1,2,1850,5,2,2,1,1,3,2,1,33,1,1,1,1,1,2
4,1,11,457,82,3,2,1400,5,2,1,1,2,3,2,3,16,1,3,1,1,1,1
4,2,3,227,137,1,2,2000,3,3,2,2,1,12,2,2,15,1,1,1,1,1,1
4,1,12,458,118,1,2,2000,5,3,2,1,1,3,2,3,26,2,1,3,3,3,3
4,2,3,192,170,1,2,2600,5,3,2,2,1,12,2,2,22,1,1,1,1,1,1
4,2,6,218,121,1,2,4000,5,3,2,1,1,3,2,2,27,1,1,2,1,1,1
4,2,3,263,147,1,2,2000,5,3,2,2,1,3,3,3,24,2,1,3,3,3,3
4,1,12,315,111,1,2,1600,5,2,2,1,1,3,2,2,18,1,1,1,1,1,1
4,2,4,375,171,1,2,2000,3,4,2,2,1,36,2,1,30,1,1,1,1,1,1
4,2,3,451,120,1,3,2000,5,3,2,2,1,3,4,3,18,1,1,1,1,1,1
4,1,1,266,122,1,2,1800,5,3,1,1,1,3,2,2,32,1,1,1,1,1,1
4,1,15,426,157,1,2,4800,4,1,0,0,1,36,2,2,25,2,3,3,3,1,1
4,1,15,426,92,1,1,2600,4,1,1,0,1,24,2,2,25,2,3,3,3,1,1
4,1,15,426,85,1,2,3000,4,1,0,0,1,36,2,2,25,2,3,3,3,1,1
4,1,15,426,81,1,1,2800,3,1,0,0,1,12,2,2,25,2,3,3,3,1,1
4,1,15,426,85,1,1,3000,5,1,0,0,1,3,2,2,25,2,1,3,3,1,1
4,1,15,426,89,1,3,3100,5,1,0,0,1,3,2,3,25,2,1,3,3,1,1
4,1,15,426,87,1,1,3500,5,2,1,0,1,3,2,2,25,2,1,3,3,1,1
4,1,15,426,85,1,2,3000,5,1,0,0,1,3,2,2,25,2,1,3,3,1,1
4,1,15,426,113,1,4,4000,4,1,0,0,1,12,2,3,25,2,1,3,3,1,1
4,1,15,426,160,1,3,8000,5,1,0,0,1,3,2,2,25,2,1,3,3,1,1
4,1,15,426,95,1,2,3500,5,1,1,1,1,3,2,2,25,2,1,3,3,1,1
4,1,15,426,100,1,1,4000,5,1,0,0,1,3,2,3,25,2,1,3,3,1,1
4,2,3,192,173,1,2,2800,5,3,2,2,1,3,2,1,22,1,1,3,3,1,1
4,2,3,192,173,1,4,2500,4,3,1,1,1,3,2,2,22,1,1,1,1,1,1
4,1,8,293,104,1,2,1600,5,3,2,2,1,3,2,2,33,1,1,3,3,1,1
4,2,3,230,110,1,2,1200,5,3,2,1,1,3,2,3,7,2,1,1,1,1,1
4,1,1,1,48,1,2,700,3,2,1,1,1,12,2,3,7,2,1,1,1,1,1
4,2,2,2,54,1,1,800,5,1,1,1,1,3,2,1,18,1,1,3,3,1,1
4,2,3,3,110,1,2,1000,5,3,2,2,1,3,2,3,7,2,1,3,3,3,3
4,2,4,4,96,1,2,800,5,2,2,1,1,3,2,2,26,1,1,1,1,1,1
4,2,5,5,68,1,2,900,4,2,1,1,1,3,2,3,6,2,1,1,1,1,1
4,2,6,6,42,1,2,500,5,1,1,1,1,3,2,3,7,2,1,1,1,1,1
4,1,1,7,53,1,2,750,5,2,1,1,1,12,2,2,7,2,1,1,1,1,1
4,2,6,8,50,1,2,600,5,1,1,1,1,3,2,2,4,2,1,1,3,2,2
4,2,3,9,41,1,2,450,3,1,0,1,1,12,2,3,4,2,3,3,3,1,3
4,2,6,10,70,1,2,850,5,2,1,1,1,3,2,3,7,2,1,3,3,1,1
4,2,2,11,60,1,1,900,5,2,1,1,1,3,2,2,7,2,1,3,3,1,1
4,2,5,12,77,1,1,800,5,2,2,1,1,3,2,3,7,2,1,3,3,1,1
4,2,6,13,60,1,2,500,5,2,1,1,1,3,2,2,7,2,1,3,3,3,3
4,2,5,14,61,1,2,700,5,2,1,1,1,3,2,2,6,2,1,3,3,1,1
4,1,7,15,66,1,2,650,5,2,1,1,1,12,2,3,7,2,1,1,1,1,1
4,2,6,16,83,1,2,850,3,2,2,1,1,12,2,3,7,2,1,1,1,1,1
4,1,1,17,66,1,2,600,5,2,1,1,1,3,2,3,7,2,1,1,1,1,1
4,1,8,18,68,1,2,800,5,2,1,1,1,3,2,1,7,2,1,1,1,1,1
4,2,3,19,102,1,2,1000,3,2,1,1,1,36,2,3,6,2,3,1,1,1,1
4,1,1,20,56,1,2,600,5,1,1,1,1,3,2,3,5,2,1,3,3,1,1
4,1,9,21,63,1,2,600,5,2,1,1,1,3,2,3,7,2,1,3,3,3,3
4,2,3,22,88,1,2,1000,5,3,2,1,1,12,2,3,7,2,1,1,1,1,1
4,2,5,5,65,1,2,750,5,2,1,1,1,3,2,2,6,2,1,3,3,1,1
4,2,2,2,60,1,1,950,5,1,1,1,1,3,2,2,26,1,1,3,3,1,1
4,1,8,23,45,1,2,600,3,1,1,1,1,24,2,2,4,2,1,3,3,3,3
4,2,4,24,18,1,2,800,5,1,1,1,1,3,2,2,18,1,1,1,1,1,1
4,1,1,25,40,1,1,600,5,1,1,1,1,3,2,2,7,2,1,1,1,1,1
4,2,4,24,40,1,2,800,5,1,1,1,1,3,2,1,18,1,1,1,1,1,1
4,2,4,24,40,1,2,950,5,1,1,1,1,3,2,3,18,1,1,1,1,1,1
4,2,4,24,40,1,4,900,5,1,1,1,1,3,2,2,18,1,1,1,1,1,1
4,1,8,26,50,1,2,650,5,2,1,1,2,3,5,2,5,2,1,3,3,1,1
4,2,4,27,37,1,1,1000,5,1,1,1,1,3,2,2,13,2,1,1,1,1,1
4,2,6,28,72,1,2,950,5,2,1,1,20200801,3,2,3,5,2,1,3,3,1,1
4,2,2,29,116,1,1,1000,5,2,2,2,1,3,2,1,24,1,1,1,1,1,1
4,1,1,30,43,1,2,500,5,2,1,1,1,3,2,3,6,2,1,1,1,1,1
4,2,6,31,51,1,2,500,3,2,1,1,1,12,2,2,5,2,1,1,1,1,1
4,1,7,32,65,1,2,800,5,2,1,1,1,12,2,3,7,2,1,1,1,1,1
4,2,5,33,69,1,2,900,5,2,1,1,1,3,2,2,6,2,1,3,3,3,3
4,2,6,34,85,1,2,750,5,3,1,1,1,3,2,3,7,2,1,3,3,1,1
4,1,1,35,65,1,2,850,5,2,1,1,1,3,2,3,7,2,1,1,1,1,1
4,2,3,36,79,1,1,800,5,3,1,1,1,3,2,3,7,2,1,1,1,1,1
4,1,1,37,80,1,2,700,5,2,1,1,1,3,2,3,7,2,1,1,1,1,1
4,1,7,38,65,1,2,650,5,2,1,1,1,3,2,1,6,2,1,1,1,1,1
4,1,1,39,80,1,2,800,3,2,2,1,1,24,2,2,6,2,1,1,1,1,1
4,2,6,40,54,1,2,800,5,2,1,1,1,3,2,2,7,2,1,1,1,1,1
4,2,3,41,93,1,2,900,5,2,2,1,1,3,2,3,7,2,1,1,1,1,1
4,2,10,42,80,1,2,850,3,2,2,1,1,12,2,3,5,2,1,3,3,1,1
4,2,6,6,63,1,2,600,5,3,1,1,1,3,2,3,7,2,1,1,1,1,1
4,1,9,43,54,1,2,500,5,2,1,1,1,3,2,3,8,2,1,1,1,1,1
4,2,4,44,60,1,4,900,5,2,1,1,1,3,2,2,7,2,1,3,3,1,1
4,2,3,45,65,1,1,750,5,2,1,1,1,3,2,3,7,2,1,1,1,1,1
4,2,3,46,87,1,2,750,5,2,2,1,1,12,2,3,7,2,2,1,1,1,1
4,2,4,24,72,1,4,1000,5,2,1,1,1,3,2,3,18,1,1,1,1,1,1
4,2,3,47,92,1,2,1000,3,2,1,1,1,12,2,3,18,1,3,1,1,1,1
4,2,4,48,96,1,2,900,5,2,2,1,1,3,2,1,24,2,1,3,3,1,1
4,2,3,49,98,1,2,800,5,2,2,1,1,12,2,1,33,1,1,1,1,1,1
4,2,2,50,71,1,2,800,5,2,1,1,1,3,2,3,7,2,1,1,1,1,1
4,2,4,48,120,1,2,900,5,3,2,2,1,24,2,1,18,2,2,3,3,1,1
4,2,3,51,62,1,2,750,5,2,1,1,1,3,2,3,7,2,1,3,3,1,1
4,1,8,18,77,1,2,750,4,2,2,1,1,24,2,3,7,2,1,1,1,1,1
4,2,3,47,92,1,2,1000,3,2,1,1,1,12,2,3,18,1,3,1,1,1,1
4,2,3,52,76,1,1,850,5,2,1,1,1,12,2,3,7,2,1,1,1,1,1
4,1,11,53,70,1,2,800,5,2,1,1,1,3,3,3,7,2,1,1,1,1,1
4,1,8,54,95,1,2,800,5,2,2,1,1,3,2,2,27,1,1,1,1,1,1
4,1,12,55,90,1,2,700,3,2,2,1,1,36,2,1,33,1,1,3,3,1,1
4,2,6,56,104,1,2,1000,5,2,1,2,1,3,2,3,7,2,1,1,1,1,1
4,1,7,57,76,1,2,600,5,2,2,1,1,3,3,3,6,2,1,1,1,1,1
4,2,3,22,62,1,2,1000,5,2,1,1,1,3,2,1,6,2,1,1,1,1,1
4,1,1,7,48,1,2,750,5,2,1,1,1,3,2,2,7,2,1,1,1,1,1
4,1,1,7,48,1,2,800,3,2,1,1,1,12,2,3,6,2,1,1,1,1,1
4,1,1,7,52,1,2,700,5,2,1,1,1,3,2,3,7,2,1,1,1,1,1
4,2,4,24,48,1,4,900,5,1,1,1,1,3,2,2,18,1,1,1,1,1,1
4,2,4,24,40,1,2,1000,5,2,1,1,1,3,2,3,18,1,1,1,1,1,1
4,2,4,27,37,1,1,1000,5,1,1,1,1,3,2,2,13,2,1,1,1,1,1
4,1,7,58,12,1,4,320,5,1,0,1,1,3,2,2,24,1,1,1,1,1,1
4,1,1,1,30,1,2,400,5,2,0,1,1,3,2,2,4,2,1,3,3,1,1
4,1,13,59,122,1,2,600,5,3,2,2,1,3,2,2,6,2,1,1,1,1,1
4,1,9,60,60,1,1,600,5,2,1,1,1,3,2,3,7,2,1,3,1,1,1
4,1,1,61,72,1,2,600,5,2,1,1,1,3,2,2,7,2,1,1,1,1,1
4,1,7,32,60,1,2,600,5,2,1,1,1,3,2,3,7,2,1,1,1,1,1
4,2,13,62,55,1,1,800,5,2,1,1,1,3,2,2,6,2,1,1,1,1,1
4,1,1,1,48,1,2,650,5,2,1,1,1,3,2,3,5,2,1,1,3,1,1
4,1,1,63,40,1,2,600,5,2,1,1,1,3,2,3,5,2,1,3,3,1,1
4,2,6,64,50,1,2,650,5,2,1,1,1,3,2,2,4,2,1,3,3,1,1
4,2,3,36,80,1,2,850,5,2,1,1,1,3,2,3,7,2,1,1,1,1,1
4,2,3,65,75,1,2,750,5,2,1,1,1,3,2,3,6,2,1,3,3,1,1
4,2,3,66,100,1,2,900,5,3,1,1,1,3,2,3,7,2,1,3,3,3,3
4,1,1,39,79,1,2,700,5,2,2,1,1,3,2,1,6,2,1,1,1,1,1
4,2,2,50,73,1,2,750,5,2,1,1,1,3,2,3,7,2,1,1,1,1,1
4,2,3,67,87,1,1,900,5,2,1,1,1,3,2,3,7,2,1,1,1,1,1
4,2,3,67,87,1,1,900,5,2,1,1,1,3,2,3,7,2,1,1,1,1,1
4,1,1,68,88,1,1,700,5,2,1,1,1,24,2,2,32,1,1,1,1,1,1
4,1,9,69,83,1,2,700,5,2,1,1,1,3,2,3,7,2,1,1,1,1,1
4,2,3,65,75,1,2,750,5,2,1,1,1,3,2,3,6,2,1,3,3,1,1
4,1,7,70,72,1,2,600,5,2,2,1,1,12,2,3,6,2,3,1,1,1,1
4,1,1,71,59,1,2,600,5,2,1,0,1,3,2,2,6,2,1,3,3,3,3
4,2,4,72,79,1,2,700,5,2,1,1,1,12,2,3,18,1,1,1,1,1,1
4,1,1,73,63,1,2,750,5,2,1,1,1,36,2,2,6,2,1,3,3,1,1
4,1,7,38,78,1,2,700,5,2,2,1,1,3,2,2,6,2,1,1,1,1,1
4,2,3,74,66,1,2,700,3,2,1,1,1,12,2,2,7,2,1,1,1,1,1
4,2,4,75,138,1,1,800,2,3,2,2,1,3,2,2,25,1,1,1,1,1,1
4,1,9,76,80,1,2,700,3,2,1,1,1,12,2,3,7,2,1,1,1,1,1
4,1,8,77,56,1,1,500,4,2,1,1,1,12,2,1,7,2,3,3,3,1,1
4,2,5,78,83,1,2,850,5,2,1,1,1,3,2,1,16,1,1,1,1,1,1
4,1,1,30,67,1,2,700,5,2,1,1,1,3,2,3,6,2,1,3,3,1,1
4,1,8,79,60,1,2,500,2,2,1,0,1,12,2,3,4,2,1,3,3,3,3
4,2,3,80,59,1,2,780,5,2,1,1,1,3,2,2,7,2,1,3,3,1,1
4,2,6,81,68,1,2,650,4,2,1,1,1,12,2,3,7,2,1,1,1,1,1
4,2,2,82,61,1,2,900,5,2,1,1,1,12,2,3,6,2,1,1,1,1,1
4,1,6,83,70,1,2,700,5,2,1,1,1,3,2,3,6,2,1,1,1,1,1
4,2,3,84,56,1,2,700,5,2,1,1,1,3,2,2,6,2,1,1,1,1,1
4,1,1,73,68,1,2,600,5,3,1,1,1,3,2,3,7,2,1,3,3,1,1
4,2,6,85,56,1,2,550,5,2,1,1,1,3,2,3,7,2,1,1,1,1,1
4,2,3,86,115,1,1,1000,5,2,2,1,1,3,2,3,7,2,1,1,1,1,1
4,1,8,87,68,1,2,650,5,2,1,1,1,3,2,2,6,2,1,3,3,1,1
4,2,3,88,90,1,2,950,5,2,2,1,1,3,2,3,7,2,1,1,1,1,1
4,1,7,89,74,1,2,600,5,2,2,1,1,3,2,2,6,2,1,1,1,1,1
4,1,8,90,94,1,2,800,3,3,2,1,1,12,2,3,7,2,2,1,1,2,1
4,1,6,91,60,1,2,650,5,2,2,1,1,3,2,2,7,2,1,3,3,1,1
4,2,10,92,60,1,2,700,5,2,2,1,1,3,2,1,6,2,1,3,3,1,1
4,1,6,91,60,1,2,650,5,2,2,1,1,3,2,2,7,2,1,3,3,1,1
4,2,2,93,83,1,2,1000,5,2,1,1,1,3,2,1,7,2,1,1,1,1,1
4,1,8,18,73,1,2,1100,5,2,1,1,1,3,2,2,7,2,1,1,1,1,1
4,2,6,94,45,1,2,600,5,2,1,1,1,3,2,3,6,2,1,3,3,1,3
4,1,1,95,45,1,2,680,5,1,1,1,1,3,2,1,6,2,1,3,3,1,1
4,1,1,96,43,1,2,550,5,1,1,1,1,3,3,3,4,2,1,3,3,1,1
4,2,3,66,46,1,1,500,4,2,1,1,1,3,2,2,5,2,1,1,1,1,1
4,1,1,1,52,1,2,800,3,2,1,1,1,12,2,3,7,2,1,1,1,1,1
4,1,1,7,52,1,1,700,2,2,1,1,1,12,2,3,7,2,1,3,3,1,1
4,1,1,7,52,1,1,800,2,2,1,1,1,12,2,3,7,2,1,1,1,1,1
4,1,1,63,46,1,2,700,5,1,1,1,1,3,2,2,5,2,1,1,1,1,1
4,1,1,97,47,1,2,500,5,2,1,1,1,3,2,2,5,2,1,3,3,1,1
4,1,1,7,52,1,2,750,5,2,1,1,1,12,2,2,7,2,1,1,1,1,1
4,1,1,98,53,1,2,710,5,2,1,1,1,12,2,1,6,2,2,1,1,1,1
4,2,3,99,47,1,3,1000,5,1,1,1,1,3,2,1,26,1,1,1,1,1,1
4,1,8,100,85,1,3,800,5,2,2,1,1,3,2,3,33,2,1,1,1,1,1
4,2,5,101,60,1,2,850,5,2,1,1,1,3,2,1,6,2,1,3,3,1,1
4,1,8,102,69,1,2,600,5,2,1,1,1,3,2,3,6,2,1,3,3,1,1
4,2,3,103,90,1,2,1000,4,2,2,2,1,12,2,2,7,2,2,1,1,1,1
4,2,3,104,67,1,2,750,5,2,1,1,1,3,2,3,7,2,1,1,1,1,1
